0 verbose cli /.sprite/languages/node/nvm/versions/node/v24.18.0/bin/node /.sprite/languages/node/nvm/versions/node/v24.18.0/bin/npm
1 info using npm@12.0.2
2 info using node@v24.18.0
3 silly config load:file:/.sprite/languages/node/nvm/versions/node/v24.18.0/lib/node_modules/npm/npmrc
4 silly config load:file:/home/sprite/.npmrc
5 silly config load:file:/.sprite/languages/node/nvm/versions/node/v24.18.0/etc/npmrc
6 verbose title npm install
7 verbose argv "install"
8 verbose logfile logs-max:10 dir:/home/sprite/.npm/_logs/2026-09-21T16_32_39_474Z-
9 verbose logfile /home/sprite/.npm/_logs/2026-09-21T16_32_39_474Z-debug-0.log
10 silly logfile done cleaning log files
11 silly packumentCache heap:2348810240 maxSize:587202560 maxEntrySize:293601280
12 silly idealTree buildDeps
13 silly fetch manifest @tanstack/react-router@^1.170.18
14 silly packumentCache full:https://registry.npmjs.org/@tanstack%2freact-router cache-miss
15 http fetch GET 200 https://registry.npmjs.org/npm 373ms
16 http fetch GET 200 https://registry.npmjs.org/@tanstack%2freact-router 527ms (cache miss)
17 silly packumentCache full:https://registry.npmjs.org/@tanstack%2freact-router set size:undefined disposed:false
18 silly fetch manifest react@^19.2.8
19 silly packumentCache full:https://registry.npmjs.org/react cache-miss
20 http fetch GET 200 https://registry.npmjs.org/react 257ms (cache miss)
21 silly packumentCache full:https://registry.npmjs.org/react set size:undefined disposed:false
22 silly fetch manifest react-dom@^19.2.8
23 silly packumentCache full:https://registry.npmjs.org/react-dom cache-miss
24 http fetch GET 200 https://registry.npmjs.org/react-dom 224ms (cache miss)
25 silly packumentCache full:https://registry.npmjs.org/react-dom set size:undefined disposed:false
26 silly fetch manifest @tailwindcss/vite@^4.3.3
27 silly packumentCache full:https://registry.npmjs.org/@tailwindcss%2fvite cache-miss
28 http fetch GET 200 https://registry.npmjs.org/@tailwindcss%2fvite 121ms (cache miss)
29 silly packumentCache full:https://registry.npmjs.org/@tailwindcss%2fvite set size:undefined disposed:false
30 silly fetch manifest vite@^8.1.5
31 silly packumentCache full:https://registry.npmjs.org/vite cache-miss
32 http fetch GET 200 https://registry.npmjs.org/vite 1631ms (cache miss)
33 silly packumentCache full:https://registry.npmjs.org/vite set size:undefined disposed:false
34 silly fetch manifest @types/node@^20.19.0 || >=22.12.0
35 silly packumentCache full:https://registry.npmjs.org/@types%2fnode cache-miss
36 http fetch GET 200 https://registry.npmjs.org/@types%2fnode 278ms (cache miss)
37 silly packumentCache full:https://registry.npmjs.org/@types%2fnode set size:undefined disposed:false
38 silly fetch manifest @vitejs/devtools@^0.7.1
39 silly packumentCache full:https://registry.npmjs.org/@vitejs%2fdevtools cache-miss
40 http fetch GET 200 https://registry.npmjs.org/@vitejs%2fdevtools 88ms (cache miss)
41 silly packumentCache full:https://registry.npmjs.org/@vitejs%2fdevtools set size:undefined disposed:false
42 silly fetch manifest @vitejs/devtools-oxc@^0.7.5
43 silly packumentCache full:https://registry.npmjs.org/@vitejs%2fdevtools-oxc cache-miss
44 http fetch GET 200 https://registry.npmjs.org/@vitejs%2fdevtools-oxc 81ms (cache miss)
45 silly packumentCache full:https://registry.npmjs.org/@vitejs%2fdevtools-oxc set size:undefined disposed:false
46 silly fetch manifest @vitejs/devtools-rolldown@^0.7.5
47 silly packumentCache full:https://registry.npmjs.org/@vitejs%2fdevtools-rolldown cache-miss
48 http fetch GET 200 https://registry.npmjs.org/@vitejs%2fdevtools-rolldown 89ms (cache miss)
49 silly packumentCache full:https://registry.npmjs.org/@vitejs%2fdevtools-rolldown set size:undefined disposed:false
50 silly fetch manifest @vitejs/devtools-vite@^0.7.5
51 silly packumentCache full:https://registry.npmjs.org/@vitejs%2fdevtools-vite cache-miss
52 http fetch GET 200 https://registry.npmjs.org/@vitejs%2fdevtools-vite 78ms (cache miss)
53 silly packumentCache full:https://registry.npmjs.org/@vitejs%2fdevtools-vite set size:undefined disposed:false
54 silly fetch manifest @vitejs/devtools-vitest@^0.7.5
55 silly packumentCache full:https://registry.npmjs.org/@vitejs%2fdevtools-vitest cache-miss
56 http fetch GET 200 https://registry.npmjs.org/@vitejs%2fdevtools-vitest 74ms (cache miss)
57 silly packumentCache full:https://registry.npmjs.org/@vitejs%2fdevtools-vitest set size:undefined disposed:false
58 silly fetch manifest vitest@*
59 silly packumentCache full:https://registry.npmjs.org/vitest cache-miss
60 http fetch GET 200 https://registry.npmjs.org/vitest 119ms (cache miss)
61 silly packumentCache full:https://registry.npmjs.org/vitest set size:undefined disposed:false
62 silly fetch manifest @edge-runtime/vm@*
63 silly packumentCache full:https://registry.npmjs.org/@edge-runtime%2fvm cache-miss
64 http fetch GET 200 https://registry.npmjs.org/@edge-runtime%2fvm 91ms (cache miss)
65 silly packumentCache full:https://registry.npmjs.org/@edge-runtime%2fvm set size:undefined disposed:false
66 silly fetch manifest @opentelemetry/api@^1.9.0
67 silly packumentCache full:https://registry.npmjs.org/@opentelemetry%2fapi cache-miss
68 http fetch GET 200 https://registry.npmjs.org/@opentelemetry%2fapi 83ms (cache miss)
69 silly packumentCache full:https://registry.npmjs.org/@opentelemetry%2fapi set size:undefined disposed:false
70 silly fetch manifest @vitest/browser-playwright@5.0.1
71 silly packumentCache full:https://registry.npmjs.org/@vitest%2fbrowser-playwright cache-miss
72 http fetch GET 200 https://registry.npmjs.org/@vitest%2fbrowser-playwright 73ms (cache miss)
73 silly packumentCache full:https://registry.npmjs.org/@vitest%2fbrowser-playwright set size:undefined disposed:false
74 silly fetch manifest playwright@*
75 silly packumentCache full:https://registry.npmjs.org/playwright cache-miss
76 http fetch GET 200 https://registry.npmjs.org/playwright 480ms (cache miss)
77 silly packumentCache full:https://registry.npmjs.org/playwright set size:undefined disposed:false
78 silly fetch manifest @vitest/browser-preview@5.0.1
79 silly packumentCache full:https://registry.npmjs.org/@vitest%2fbrowser-preview cache-miss
80 http fetch GET 200 https://registry.npmjs.org/@vitest%2fbrowser-preview 98ms (cache miss)
81 silly packumentCache full:https://registry.npmjs.org/@vitest%2fbrowser-preview set size:undefined disposed:false
82 silly fetch manifest @vitest/browser-webdriverio@^5.0.0-beta.5 || >=5.0.0
83 silly packumentCache full:https://registry.npmjs.org/@vitest%2fbrowser-webdriverio cache-miss
84 http fetch GET 200 https://registry.npmjs.org/@vitest%2fbrowser-webdriverio 82ms (cache miss)
85 silly packumentCache full:https://registry.npmjs.org/@vitest%2fbrowser-webdriverio set size:undefined disposed:false
86 silly fetch manifest webdriverio@*
87 silly packumentCache full:https://registry.npmjs.org/webdriverio cache-miss
88 http fetch GET 200 https://registry.npmjs.org/webdriverio 141ms (cache miss)
89 silly packumentCache full:https://registry.npmjs.org/webdriverio set size:undefined disposed:false
90 silly fetch manifest puppeteer-core@>=22.x <=24.x
91 silly packumentCache full:https://registry.npmjs.org/puppeteer-core cache-miss
92 http fetch GET 200 https://registry.npmjs.org/puppeteer-core 100ms (cache miss)
93 silly packumentCache full:https://registry.npmjs.org/puppeteer-core set size:undefined disposed:false
94 silly fetch manifest @vitest/coverage-istanbul@5.0.1
95 silly packumentCache full:https://registry.npmjs.org/@vitest%2fcoverage-istanbul cache-miss
96 http fetch GET 200 https://registry.npmjs.org/@vitest%2fcoverage-istanbul 85ms (cache miss)
97 silly packumentCache full:https://registry.npmjs.org/@vitest%2fcoverage-istanbul set size:undefined disposed:false
98 silly fetch manifest @vitest/coverage-v8@5.0.1
99 silly packumentCache full:https://registry.npmjs.org/@vitest%2fcoverage-v8 cache-miss
100 http fetch GET 200 https://registry.npmjs.org/@vitest%2fcoverage-v8 95ms (cache miss)
101 silly packumentCache full:https://registry.npmjs.org/@vitest%2fcoverage-v8 set size:undefined disposed:false
102 silly fetch manifest @vitest/browser@5.0.1
103 silly packumentCache full:https://registry.npmjs.org/@vitest%2fbrowser cache-miss
104 http fetch GET 200 https://registry.npmjs.org/@vitest%2fbrowser 114ms (cache miss)
105 silly packumentCache full:https://registry.npmjs.org/@vitest%2fbrowser set size:undefined disposed:false
106 silly fetch manifest @vitest/ui@5.0.1
107 silly packumentCache full:https://registry.npmjs.org/@vitest%2fui cache-miss
108 http fetch GET 200 https://registry.npmjs.org/@vitest%2fui 120ms (cache miss)
109 silly packumentCache full:https://registry.npmjs.org/@vitest%2fui set size:undefined disposed:false
110 silly fetch manifest happy-dom@*
111 silly packumentCache full:https://registry.npmjs.org/happy-dom cache-miss
112 http fetch GET 200 https://registry.npmjs.org/happy-dom 131ms (cache miss)
113 silly packumentCache full:https://registry.npmjs.org/happy-dom set size:undefined disposed:false
114 silly fetch manifest jsdom@*
115 silly packumentCache full:https://registry.npmjs.org/jsdom cache-miss
116 http fetch GET 200 https://registry.npmjs.org/jsdom 130ms (cache miss)
117 silly packumentCache full:https://registry.npmjs.org/jsdom set size:undefined disposed:false
118 silly fetch manifest canvas@^3.2.3
119 silly packumentCache full:https://registry.npmjs.org/canvas cache-miss
120 http fetch GET 200 https://registry.npmjs.org/canvas 66ms (cache miss)
121 silly packumentCache full:https://registry.npmjs.org/canvas set size:undefined disposed:false
122 silly fetch manifest esbuild@^0.27.0 || ^0.28.0
123 silly packumentCache full:https://registry.npmjs.org/esbuild cache-miss
124 http fetch GET 200 https://registry.npmjs.org/esbuild 271ms (cache miss)
125 silly packumentCache full:https://registry.npmjs.org/esbuild set size:undefined disposed:false
126 silly fetch manifest jiti@>=1.21.0
127 silly packumentCache full:https://registry.npmjs.org/jiti cache-miss
128 http fetch GET 200 https://registry.npmjs.org/jiti 70ms (cache miss)
129 silly packumentCache full:https://registry.npmjs.org/jiti set size:undefined disposed:false
130 silly fetch manifest less@^4.0.0
131 silly packumentCache full:https://registry.npmjs.org/less cache-miss
132 http fetch GET 200 https://registry.npmjs.org/less 83ms (cache miss)
133 silly packumentCache full:https://registry.npmjs.org/less set size:undefined disposed:false
134 silly fetch manifest sass@^1.70.0
135 silly packumentCache full:https://registry.npmjs.org/sass cache-miss
136 http fetch GET 200 https://registry.npmjs.org/sass 93ms (cache miss)
137 silly packumentCache full:https://registry.npmjs.org/sass set size:undefined disposed:false
138 silly fetch manifest sass-embedded@^1.70.0
139 silly packumentCache full:https://registry.npmjs.org/sass-embedded cache-miss
140 http fetch GET 200 https://registry.npmjs.org/sass-embedded 83ms (cache miss)
141 silly packumentCache full:https://registry.npmjs.org/sass-embedded set size:undefined disposed:false
142 silly fetch manifest stylus@>=0.54.8
143 silly packumentCache full:https://registry.npmjs.org/stylus cache-miss
144 http fetch GET 200 https://registry.npmjs.org/stylus 69ms (cache miss)
145 silly packumentCache full:https://registry.npmjs.org/stylus set size:undefined disposed:false
146 silly fetch manifest sugarss@^5.0.0
147 silly packumentCache full:https://registry.npmjs.org/sugarss cache-miss
148 http fetch GET 200 https://registry.npmjs.org/sugarss 70ms (cache miss)
149 silly packumentCache full:https://registry.npmjs.org/sugarss set size:undefined disposed:false
150 silly fetch manifest postcss@^8.3.3
151 silly packumentCache full:https://registry.npmjs.org/postcss cache-miss
152 http fetch GET 200 https://registry.npmjs.org/postcss 85ms (cache miss)
153 silly packumentCache full:https://registry.npmjs.org/postcss set size:undefined disposed:false
154 silly fetch manifest terser@^5.16.0
155 silly packumentCache full:https://registry.npmjs.org/terser cache-miss
156 http fetch GET 200 https://registry.npmjs.org/terser 103ms (cache miss)
157 silly packumentCache full:https://registry.npmjs.org/terser set size:undefined disposed:false
158 silly fetch manifest tsx@^4.8.1
159 silly packumentCache full:https://registry.npmjs.org/tsx cache-miss
160 http fetch GET 200 https://registry.npmjs.org/tsx 73ms (cache miss)
161 silly packumentCache full:https://registry.npmjs.org/tsx set size:undefined disposed:false
162 silly fetch manifest yaml@^2.4.2
163 silly packumentCache full:https://registry.npmjs.org/yaml cache-miss
164 http fetch GET 200 https://registry.npmjs.org/yaml 75ms (cache miss)
165 silly packumentCache full:https://registry.npmjs.org/yaml set size:undefined disposed:false
166 silly fetch manifest @tanstack/router-plugin@^1.168.23
167 silly packumentCache full:https://registry.npmjs.org/@tanstack%2frouter-plugin cache-miss
168 http fetch GET 200 https://registry.npmjs.org/@tanstack%2frouter-plugin 338ms (cache miss)
169 silly packumentCache full:https://registry.npmjs.org/@tanstack%2frouter-plugin set size:undefined disposed:false
170 silly fetch manifest @rsbuild/core@>=1.0.2 || ^2.0.0
171 silly packumentCache full:https://registry.npmjs.org/@rsbuild%2fcore cache-miss
172 http fetch GET 200 https://registry.npmjs.org/@rsbuild%2fcore 527ms (cache miss)
173 silly packumentCache full:https://registry.npmjs.org/@rsbuild%2fcore set size:undefined disposed:false
174 silly fetch manifest core-js@>= 3.0.0
175 silly packumentCache full:https://registry.npmjs.org/core-js cache-miss
176 http fetch GET 200 https://registry.npmjs.org/core-js 99ms (cache miss)
177 silly packumentCache full:https://registry.npmjs.org/core-js set size:undefined disposed:false
178 silly fetch manifest vite-plugin-solid@^2.11.10 || ^3.0.0-0
179 silly packumentCache full:https://registry.npmjs.org/vite-plugin-solid cache-miss
180 http fetch GET 200 https://registry.npmjs.org/vite-plugin-solid 76ms (cache miss)
181 silly packumentCache full:https://registry.npmjs.org/vite-plugin-solid set size:undefined disposed:false
182 silly fetch manifest @testing-library/jest-dom@^5.16.6 || ^5.17.0 || ^6.0.0 || ^7.0.0
183 silly packumentCache full:https://registry.npmjs.org/@testing-library%2fjest-dom cache-miss
184 http fetch GET 200 https://registry.npmjs.org/@testing-library%2fjest-dom 102ms (cache miss)
185 silly packumentCache full:https://registry.npmjs.org/@testing-library%2fjest-dom set size:undefined disposed:false
186 silly fetch manifest @testing-library/dom@>=10 <11
187 silly packumentCache full:https://registry.npmjs.org/@testing-library%2fdom cache-miss
188 http fetch GET 200 https://registry.npmjs.org/@testing-library%2fdom 137ms (cache miss)
189 silly packumentCache full:https://registry.npmjs.org/@testing-library%2fdom set size:undefined disposed:false
190 silly fetch manifest solid-js@^1.7.2
191 silly packumentCache full:https://registry.npmjs.org/solid-js cache-miss
192 http fetch GET 200 https://registry.npmjs.org/solid-js 108ms (cache miss)
193 silly packumentCache full:https://registry.npmjs.org/solid-js set size:undefined disposed:false
194 silly fetch manifest webpack@>=5.92.0
195 silly packumentCache full:https://registry.npmjs.org/webpack cache-miss
196 http fetch GET 200 https://registry.npmjs.org/webpack 181ms (cache miss)
197 silly packumentCache full:https://registry.npmjs.org/webpack set size:undefined disposed:false
198 silly fetch manifest @types/react@^19.2.17
199 silly packumentCache full:https://registry.npmjs.org/@types%2freact cache-miss
200 http fetch GET 200 https://registry.npmjs.org/@types%2freact 116ms (cache miss)
201 silly packumentCache full:https://registry.npmjs.org/@types%2freact set size:undefined disposed:false
202 silly fetch manifest @types/react-dom@^19.2.3
203 silly packumentCache full:https://registry.npmjs.org/@types%2freact-dom cache-miss
204 http fetch GET 200 https://registry.npmjs.org/@types%2freact-dom 82ms (cache miss)
205 silly packumentCache full:https://registry.npmjs.org/@types%2freact-dom set size:undefined disposed:false
206 silly fetch manifest @vitejs/plugin-react@^5.2.0
207 silly packumentCache full:https://registry.npmjs.org/@vitejs%2fplugin-react cache-miss
208 http fetch GET 200 https://registry.npmjs.org/@vitejs%2fplugin-react 90ms (cache miss)
209 silly packumentCache full:https://registry.npmjs.org/@vitejs%2fplugin-react set size:undefined disposed:false
210 silly fetch manifest tailwindcss@^4.3.3
211 silly packumentCache full:https://registry.npmjs.org/tailwindcss cache-miss
212 http fetch GET 200 https://registry.npmjs.org/tailwindcss 249ms (cache miss)
213 silly packumentCache full:https://registry.npmjs.org/tailwindcss set size:undefined disposed:false
214 silly fetch manifest typescript@^5.9.3
215 silly packumentCache full:https://registry.npmjs.org/typescript cache-miss
216 http fetch GET 200 https://registry.npmjs.org/typescript 358ms (cache miss)
217 silly packumentCache full:https://registry.npmjs.org/typescript set size:undefined disposed:false
218 silly placeDep ROOT @tailwindcss/vite@4.3.3 OK for: app@0.0.0 want: ^4.3.3
219 silly placeDep ROOT vite@8.3.0 OK for: @tailwindcss/vite@4.3.3 want: ^5.2.0 || ^6 || ^7 || ^8
220 silly placeDep ROOT @tanstack/react-router@1.170.38 OK for: app@0.0.0 want: ^1.170.18
221 silly placeDep ROOT react@19.3.0 OK for: @tanstack/react-router@1.170.38 want: >=18.0.0 || >=19.0.0
222 silly placeDep ROOT react-dom@19.3.0 OK for: @tanstack/react-router@1.170.38 want: >=18.0.0 || >=19.0.0
223 silly placeDep ROOT @tanstack/router-plugin@1.168.40 OK for: app@0.0.0 want: ^1.168.23
224 silly placeDep ROOT @types/react@19.3.0 OK for: app@0.0.0 want: ^19.2.17
225 silly placeDep ROOT @types/react-dom@19.3.0 OK for: app@0.0.0 want: ^19.2.3
226 silly placeDep ROOT @vitejs/plugin-react@5.2.0 OK for: app@0.0.0 want: ^5.2.0
227 silly placeDep ROOT tailwindcss@4.3.3 OK for: app@0.0.0 want: ^4.3.3
228 silly placeDep ROOT typescript@5.9.3 OK for: app@0.0.0 want: ^5.9.3
229 silly fetch manifest tailwindcss@4.3.3
230 silly packumentCache full:https://registry.npmjs.org/tailwindcss cache-miss
231 silly fetch manifest @tailwindcss/node@4.3.3
232 silly packumentCache full:https://registry.npmjs.org/@tailwindcss%2fnode cache-miss
233 silly fetch manifest @tailwindcss/oxide@4.3.3
234 silly packumentCache full:https://registry.npmjs.org/@tailwindcss%2foxide cache-miss
235 silly fetch manifest postcss@^8.5.28
236 silly packumentCache full:https://registry.npmjs.org/postcss cache-miss
237 silly fetch manifest rolldown@~1.2.6
238 silly packumentCache full:https://registry.npmjs.org/rolldown cache-miss
239 silly fetch manifest picomatch@^4.0.7
240 silly packumentCache full:https://registry.npmjs.org/picomatch cache-miss
241 silly fetch manifest tinyglobby@^0.2.17
242 silly packumentCache full:https://registry.npmjs.org/tinyglobby cache-miss
243 http cache https://registry.npmjs.org/postcss 32ms (cache hit)
244 silly packumentCache full:https://registry.npmjs.org/postcss set size:766699 disposed:false
245 silly fetch manifest lightningcss@^1.33.0
246 silly packumentCache full:https://registry.npmjs.org/lightningcss cache-miss
247 http cache https://registry.npmjs.org/tailwindcss 82ms (cache hit)
248 silly packumentCache full:https://registry.npmjs.org/tailwindcss set size:10879261 disposed:false
249 silly fetch manifest fsevents@~2.3.3
250 silly packumentCache full:https://registry.npmjs.org/fsevents cache-miss
251 http fetch GET 200 https://registry.npmjs.org/@tailwindcss%2fnode 180ms (cache miss)
252 silly packumentCache full:https://registry.npmjs.org/@tailwindcss%2fnode set size:undefined disposed:false
253 silly fetch manifest isbot@^5.1.22
254 silly packumentCache full:https://registry.npmjs.org/isbot cache-miss
255 http fetch GET 200 https://registry.npmjs.org/fsevents 88ms (cache miss)
256 silly packumentCache full:https://registry.npmjs.org/fsevents set size:undefined disposed:false
257 silly fetch manifest @tanstack/history@1.162.4
258 silly packumentCache full:https://registry.npmjs.org/@tanstack%2fhistory cache-miss
259 http fetch GET 200 https://registry.npmjs.org/picomatch 230ms (cache miss)
260 silly packumentCache full:https://registry.npmjs.org/picomatch set size:undefined disposed:false
261 silly fetch manifest @tanstack/react-store@^0.11.0
262 silly packumentCache full:https://registry.npmjs.org/@tanstack%2freact-store cache-miss
263 http fetch GET 200 https://registry.npmjs.org/tinyglobby 243ms (cache miss)
264 silly packumentCache full:https://registry.npmjs.org/tinyglobby set size:undefined disposed:false
265 silly fetch manifest @tanstack/router-core@1.171.32
266 silly packumentCache full:https://registry.npmjs.org/@tanstack%2frouter-core cache-miss
267 http fetch GET 200 https://registry.npmjs.org/@tailwindcss%2foxide 255ms (cache miss)
268 silly packumentCache full:https://registry.npmjs.org/@tailwindcss%2foxide set size:undefined disposed:false
269 silly fetch manifest scheduler@^0.28.0
270 silly packumentCache full:https://registry.npmjs.org/scheduler cache-miss
271 http fetch GET 200 https://registry.npmjs.org/lightningcss 266ms (cache miss)
272 silly packumentCache full:https://registry.npmjs.org/lightningcss set size:undefined disposed:false
273 silly fetch manifest zod@^4.5.4
274 silly packumentCache full:https://registry.npmjs.org/zod cache-miss
275 http fetch GET 200 https://registry.npmjs.org/isbot 128ms (cache miss)
276 silly packumentCache full:https://registry.npmjs.org/isbot set size:undefined disposed:false
277 silly fetch manifest chokidar@^5.0.0
278 silly packumentCache full:https://registry.npmjs.org/chokidar cache-miss
279 http fetch GET 200 https://registry.npmjs.org/chokidar 41ms (cache miss)
280 silly packumentCache full:https://registry.npmjs.org/chokidar set size:undefined disposed:false
281 silly fetch manifest unplugin@^3.3.0
282 silly packumentCache full:https://registry.npmjs.org/unplugin cache-miss
283 http fetch GET 200 https://registry.npmjs.org/unplugin 41ms (cache miss)
284 silly packumentCache full:https://registry.npmjs.org/unplugin set size:undefined disposed:false
285 silly fetch manifest @babel/core@^7.29.7
286 silly packumentCache full:https://registry.npmjs.org/@babel%2fcore cache-miss
287 http fetch GET 200 https://registry.npmjs.org/rolldown 433ms (cache miss)
288 silly packumentCache full:https://registry.npmjs.org/rolldown set size:undefined disposed:false
289 silly fetch manifest @babel/types@^7.29.8
290 silly packumentCache full:https://registry.npmjs.org/@babel%2ftypes cache-miss
291 http fetch GET 200 https://registry.npmjs.org/@tanstack%2frouter-core 232ms (cache miss)
292 silly packumentCache full:https://registry.npmjs.org/@tanstack%2frouter-core set size:undefined disposed:false
293 silly fetch manifest @babel/template@^7.29.7
294 silly packumentCache full:https://registry.npmjs.org/@babel%2ftemplate cache-miss
295 http fetch GET 200 https://registry.npmjs.org/@tanstack%2freact-store 274ms (cache miss)
296 silly packumentCache full:https://registry.npmjs.org/@tanstack%2freact-store set size:undefined disposed:false
297 silly fetch manifest @tanstack/router-utils@1.162.3
298 silly packumentCache full:https://registry.npmjs.org/@tanstack%2frouter-utils cache-miss
299 http fetch GET 200 https://registry.npmjs.org/@tanstack%2fhistory 297ms (cache miss)
300 silly packumentCache full:https://registry.npmjs.org/@tanstack%2fhistory set size:undefined disposed:false
301 silly fetch manifest @tanstack/router-generator@1.167.38
302 silly packumentCache full:https://registry.npmjs.org/@tanstack%2frouter-generator cache-miss
303 http fetch GET 200 https://registry.npmjs.org/@babel%2fcore 103ms (cache miss)
304 silly packumentCache full:https://registry.npmjs.org/@babel%2fcore set size:undefined disposed:false
305 silly fetch manifest csstype@^3.2.2
306 silly packumentCache full:https://registry.npmjs.org/csstype cache-miss
307 http fetch GET 200 https://registry.npmjs.org/@babel%2ftypes 102ms (cache miss)
308 silly packumentCache full:https://registry.npmjs.org/@babel%2ftypes set size:undefined disposed:false
309 silly fetch manifest @babel/core@^7.29.0
310 silly packumentCache full:https://registry.npmjs.org/@babel%2fcore cache-miss
311 http cache https://registry.npmjs.org/@babel%2fcore 13ms (cache hit)
312 silly packumentCache full:https://registry.npmjs.org/@babel%2fcore set size:797193 disposed:false
313 silly fetch manifest react-refresh@^0.18.0
314 silly packumentCache full:https://registry.npmjs.org/react-refresh cache-miss
315 http fetch GET 200 https://registry.npmjs.org/@babel%2ftemplate 110ms (cache miss)
316 silly packumentCache full:https://registry.npmjs.org/@babel%2ftemplate set size:undefined disposed:false
317 silly fetch manifest @types/babel__core@^7.20.5
318 silly packumentCache full:https://registry.npmjs.org/@types%2fbabel__core cache-miss
319 http fetch GET 200 https://registry.npmjs.org/scheduler 313ms (cache miss)
320 silly packumentCache full:https://registry.npmjs.org/scheduler set size:undefined disposed:false
321 silly fetch manifest @rolldown/pluginutils@1.0.0-rc.3
322 silly packumentCache full:https://registry.npmjs.org/@rolldown%2fpluginutils cache-miss
323 http fetch GET 200 https://registry.npmjs.org/csstype 107ms (cache miss)
324 silly packumentCache full:https://registry.npmjs.org/csstype set size:undefined disposed:false
325 silly fetch manifest @babel/plugin-transform-react-jsx-self@^7.27.1
326 silly packumentCache full:https://registry.npmjs.org/@babel%2fplugin-transform-react-jsx-self cache-miss
327 http fetch GET 200 https://registry.npmjs.org/zod 338ms (cache miss)
328 silly packumentCache full:https://registry.npmjs.org/zod set size:undefined disposed:false
329 silly fetch manifest @babel/plugin-transform-react-jsx-source@^7.27.1
330 silly packumentCache full:https://registry.npmjs.org/@babel%2fplugin-transform-react-jsx-source cache-miss
331 http fetch GET 200 https://registry.npmjs.org/@tanstack%2frouter-generator 166ms (cache miss)
332 silly packumentCache full:https://registry.npmjs.org/@tanstack%2frouter-generator set size:undefined disposed:false
333 http fetch GET 200 https://registry.npmjs.org/@types%2fbabel__core 100ms (cache miss)
334 silly packumentCache full:https://registry.npmjs.org/@types%2fbabel__core set size:undefined disposed:false
335 http fetch GET 200 https://registry.npmjs.org/@babel%2fplugin-transform-react-jsx-source 32ms (cache miss)
336 silly packumentCache full:https://registry.npmjs.org/@babel%2fplugin-transform-react-jsx-source set size:undefined disposed:false
337 http fetch GET 200 https://registry.npmjs.org/@babel%2fplugin-transform-react-jsx-self 100ms (cache miss)
338 silly packumentCache full:https://registry.npmjs.org/@babel%2fplugin-transform-react-jsx-self set size:undefined disposed:false
339 http fetch GET 200 https://registry.npmjs.org/@rolldown%2fpluginutils 148ms (cache miss)
340 silly packumentCache full:https://registry.npmjs.org/@rolldown%2fpluginutils set size:undefined disposed:false
341 http fetch GET 200 https://registry.npmjs.org/react-refresh 224ms (cache miss)
342 silly packumentCache full:https://registry.npmjs.org/react-refresh set size:undefined disposed:false
343 http fetch GET 200 https://registry.npmjs.org/@tanstack%2frouter-utils 558ms (cache miss)
344 silly packumentCache full:https://registry.npmjs.org/@tanstack%2frouter-utils set size:undefined disposed:false
345 silly placeDep ROOT @tailwindcss/node@4.3.3 OK for: @tailwindcss/vite@4.3.3 want: 4.3.3
346 silly placeDep ROOT @tailwindcss/oxide@4.3.3 OK for: @tailwindcss/vite@4.3.3 want: 4.3.3
347 silly fetch manifest jiti@^2.7.0
348 silly packumentCache full:https://registry.npmjs.org/jiti cache-miss
349 silly fetch manifest lightningcss@1.32.0
350 silly packumentCache full:https://registry.npmjs.org/lightningcss cache-miss
351 silly fetch manifest magic-string@^0.30.21
352 silly packumentCache full:https://registry.npmjs.org/magic-string cache-miss
353 silly fetch manifest source-map-js@^1.2.1
354 silly packumentCache full:https://registry.npmjs.org/source-map-js cache-miss
355 silly fetch manifest enhanced-resolve@^5.24.1
356 silly packumentCache full:https://registry.npmjs.org/enhanced-resolve cache-miss
357 silly fetch manifest @jridgewell/remapping@^2.3.5
358 silly packumentCache full:https://registry.npmjs.org/@jridgewell%2fremapping cache-miss
359 silly fetch manifest @tailwindcss/oxide-darwin-x64@4.3.3
360 silly packumentCache full:https://registry.npmjs.org/@tailwindcss%2foxide-darwin-x64 cache-miss
361 http cache https://registry.npmjs.org/lightningcss 10ms (cache hit)
362 silly packumentCache full:https://registry.npmjs.org/lightningcss set size:191065 disposed:false
363 silly fetch manifest @tailwindcss/oxide-freebsd-x64@4.3.3
364 silly packumentCache full:https://registry.npmjs.org/@tailwindcss%2foxide-freebsd-x64 cache-miss
365 http cache https://registry.npmjs.org/jiti 16ms (cache hit)
366 silly packumentCache full:https://registry.npmjs.org/jiti set size:387989 disposed:false
367 silly fetch manifest @tailwindcss/oxide-wasm32-wasi@4.3.3
368 silly packumentCache full:https://registry.npmjs.org/@tailwindcss%2foxide-wasm32-wasi cache-miss
369 http fetch GET 200 https://registry.npmjs.org/enhanced-resolve 38ms (cache miss)
370 silly packumentCache full:https://registry.npmjs.org/enhanced-resolve set size:undefined disposed:false
371 silly fetch manifest @tailwindcss/oxide-darwin-arm64@4.3.3
372 silly packumentCache full:https://registry.npmjs.org/@tailwindcss%2foxide-darwin-arm64 cache-miss
373 http fetch GET 200 https://registry.npmjs.org/source-map-js 75ms (cache miss)
374 silly packumentCache full:https://registry.npmjs.org/source-map-js set size:undefined disposed:false
375 silly fetch manifest @tailwindcss/oxide-android-arm64@4.3.3
376 silly packumentCache full:https://registry.npmjs.org/@tailwindcss%2foxide-android-arm64 cache-miss
377 http fetch GET 200 https://registry.npmjs.org/@jridgewell%2fremapping 81ms (cache miss)
378 silly packumentCache full:https://registry.npmjs.org/@jridgewell%2fremapping set size:undefined disposed:false
379 silly fetch manifest @tailwindcss/oxide-linux-x64-gnu@4.3.3
380 silly packumentCache full:https://registry.npmjs.org/@tailwindcss%2foxide-linux-x64-gnu cache-miss
381 http fetch GET 200 https://registry.npmjs.org/magic-string 88ms (cache miss)
382 silly packumentCache full:https://registry.npmjs.org/magic-string set size:undefined disposed:false
383 silly fetch manifest @tailwindcss/oxide-linux-x64-musl@4.3.3
384 silly packumentCache full:https://registry.npmjs.org/@tailwindcss%2foxide-linux-x64-musl cache-miss
385 http fetch GET 200 https://registry.npmjs.org/@tailwindcss%2foxide-wasm32-wasi 148ms (cache miss)
386 silly packumentCache full:https://registry.npmjs.org/@tailwindcss%2foxide-wasm32-wasi set size:undefined disposed:false
387 silly fetch manifest @tailwindcss/oxide-win32-x64-msvc@4.3.3
388 silly packumentCache full:https://registry.npmjs.org/@tailwindcss%2foxide-win32-x64-msvc cache-miss
389 http fetch GET 200 https://registry.npmjs.org/@tailwindcss%2foxide-darwin-x64 195ms (cache miss)
390 silly packumentCache full:https://registry.npmjs.org/@tailwindcss%2foxide-darwin-x64 set size:undefined disposed:false
391 silly fetch manifest @tailwindcss/oxide-linux-arm64-gnu@4.3.3
392 silly packumentCache full:https://registry.npmjs.org/@tailwindcss%2foxide-linux-arm64-gnu cache-miss
393 http fetch GET 200 https://registry.npmjs.org/@tailwindcss%2foxide-darwin-arm64 174ms (cache miss)
394 silly packumentCache full:https://registry.npmjs.org/@tailwindcss%2foxide-darwin-arm64 set size:undefined disposed:false
395 silly fetch manifest @tailwindcss/oxide-linux-arm64-musl@4.3.3
396 silly packumentCache full:https://registry.npmjs.org/@tailwindcss%2foxide-linux-arm64-musl cache-miss
397 http fetch GET 200 https://registry.npmjs.org/@tailwindcss%2foxide-freebsd-x64 241ms (cache miss)
398 silly packumentCache full:https://registry.npmjs.org/@tailwindcss%2foxide-freebsd-x64 set size:undefined disposed:false
399 silly fetch manifest @tailwindcss/oxide-win32-arm64-msvc@4.3.3
400 silly packumentCache full:https://registry.npmjs.org/@tailwindcss%2foxide-win32-arm64-msvc cache-miss
401 http fetch GET 200 https://registry.npmjs.org/@tailwindcss%2foxide-android-arm64 231ms (cache miss)
402 silly packumentCache full:https://registry.npmjs.org/@tailwindcss%2foxide-android-arm64 set size:undefined disposed:false
403 silly fetch manifest @tailwindcss/oxide-linux-arm-gnueabihf@4.3.3
404 silly packumentCache full:https://registry.npmjs.org/@tailwindcss%2foxide-linux-arm-gnueabihf cache-miss
405 http fetch GET 200 https://registry.npmjs.org/@tailwindcss%2foxide-linux-x64-gnu 244ms (cache miss)
406 silly packumentCache full:https://registry.npmjs.org/@tailwindcss%2foxide-linux-x64-gnu set size:undefined disposed:false
407 http fetch GET 200 https://registry.npmjs.org/@tailwindcss%2foxide-linux-x64-musl 268ms (cache miss)
408 silly packumentCache full:https://registry.npmjs.org/@tailwindcss%2foxide-linux-x64-musl set size:undefined disposed:false
409 http fetch GET 200 https://registry.npmjs.org/@tailwindcss%2foxide-linux-arm64-gnu 180ms (cache miss)
410 silly packumentCache full:https://registry.npmjs.org/@tailwindcss%2foxide-linux-arm64-gnu set size:undefined disposed:false
411 http fetch GET 200 https://registry.npmjs.org/@tailwindcss%2foxide-win32-x64-msvc 228ms (cache miss)
412 silly packumentCache full:https://registry.npmjs.org/@tailwindcss%2foxide-win32-x64-msvc set size:undefined disposed:false
413 http fetch GET 200 https://registry.npmjs.org/@tailwindcss%2foxide-win32-arm64-msvc 175ms (cache miss)
414 silly packumentCache full:https://registry.npmjs.org/@tailwindcss%2foxide-win32-arm64-msvc set size:undefined disposed:false
415 http fetch GET 200 https://registry.npmjs.org/@tailwindcss%2foxide-linux-arm64-musl 236ms (cache miss)
416 silly packumentCache full:https://registry.npmjs.org/@tailwindcss%2foxide-linux-arm64-musl set size:undefined disposed:false
417 http fetch GET 200 https://registry.npmjs.org/@tailwindcss%2foxide-linux-arm-gnueabihf 215ms (cache miss)
418 silly packumentCache full:https://registry.npmjs.org/@tailwindcss%2foxide-linux-arm-gnueabihf set size:undefined disposed:false
419 silly placeDep ROOT @jridgewell/remapping@2.3.5 OK for: @tailwindcss/node@4.3.3 want: ^2.3.5
420 silly placeDep ROOT enhanced-resolve@5.25.1 OK for: @tailwindcss/node@4.3.3 want: ^5.24.1
421 silly placeDep ROOT jiti@2.7.0 OK for: @tailwindcss/node@4.3.3 want: ^2.7.0
422 silly placeDep ROOT lightningcss@1.32.0 OK for: @tailwindcss/node@4.3.3 want: 1.32.0
423 silly placeDep ROOT magic-string@0.30.21 OK for: @tailwindcss/node@4.3.3 want: ^0.30.21
424 silly placeDep ROOT source-map-js@1.2.1 OK for: @tailwindcss/node@4.3.3 want: ^1.2.1
425 silly fetch manifest @jridgewell/gen-mapping@^0.3.5
426 silly packumentCache full:https://registry.npmjs.org/@jridgewell%2fgen-mapping cache-miss
427 silly fetch manifest @jridgewell/trace-mapping@^0.3.24
428 silly packumentCache full:https://registry.npmjs.org/@jridgewell%2ftrace-mapping cache-miss
429 silly fetch manifest tapable@^2.3.3
430 silly packumentCache full:https://registry.npmjs.org/tapable cache-miss
431 silly fetch manifest graceful-fs@^4.2.4
432 silly packumentCache full:https://registry.npmjs.org/graceful-fs cache-miss
433 silly fetch manifest detect-libc@^2.0.3
434 silly packumentCache full:https://registry.npmjs.org/detect-libc cache-miss
435 silly fetch manifest lightningcss-darwin-x64@1.32.0
436 silly packumentCache full:https://registry.npmjs.org/lightningcss-darwin-x64 cache-miss
437 silly fetch manifest lightningcss-freebsd-x64@1.32.0
438 silly packumentCache full:https://registry.npmjs.org/lightningcss-freebsd-x64 cache-miss
439 http fetch GET 200 https://registry.npmjs.org/@jridgewell%2ftrace-mapping 39ms (cache miss)
440 silly packumentCache full:https://registry.npmjs.org/@jridgewell%2ftrace-mapping set size:undefined disposed:false
441 silly fetch manifest lightningcss-darwin-arm64@1.32.0
442 silly packumentCache full:https://registry.npmjs.org/lightningcss-darwin-arm64 cache-miss
443 http fetch GET 200 https://registry.npmjs.org/lightningcss-darwin-arm64 42ms (cache miss)
444 silly packumentCache full:https://registry.npmjs.org/lightningcss-darwin-arm64 set size:undefined disposed:false
445 silly fetch manifest lightningcss-android-arm64@1.32.0
446 silly packumentCache full:https://registry.npmjs.org/lightningcss-android-arm64 cache-miss
447 http fetch GET 200 https://registry.npmjs.org/detect-libc 90ms (cache miss)
448 silly packumentCache full:https://registry.npmjs.org/detect-libc set size:undefined disposed:false
449 silly fetch manifest lightningcss-linux-x64-gnu@1.32.0
450 silly packumentCache full:https://registry.npmjs.org/lightningcss-linux-x64-gnu cache-miss
451 http fetch GET 200 https://registry.npmjs.org/lightningcss-freebsd-x64 93ms (cache miss)
452 silly packumentCache full:https://registry.npmjs.org/lightningcss-freebsd-x64 set size:undefined disposed:false
453 silly fetch manifest lightningcss-linux-x64-musl@1.32.0
454 silly packumentCache full:https://registry.npmjs.org/lightningcss-linux-x64-musl cache-miss
455 http fetch GET 200 https://registry.npmjs.org/lightningcss-darwin-x64 97ms (cache miss)
456 silly packumentCache full:https://registry.npmjs.org/lightningcss-darwin-x64 set size:undefined disposed:false
457 silly fetch manifest lightningcss-win32-x64-msvc@1.32.0
458 silly packumentCache full:https://registry.npmjs.org/lightningcss-win32-x64-msvc cache-miss
459 http fetch GET 200 https://registry.npmjs.org/tapable 103ms (cache miss)
460 silly packumentCache full:https://registry.npmjs.org/tapable set size:undefined disposed:false
461 silly fetch manifest lightningcss-linux-arm64-gnu@1.32.0
462 silly packumentCache full:https://registry.npmjs.org/lightningcss-linux-arm64-gnu cache-miss
463 http fetch GET 200 https://registry.npmjs.org/@jridgewell%2fgen-mapping 112ms (cache miss)
464 silly packumentCache full:https://registry.npmjs.org/@jridgewell%2fgen-mapping set size:undefined disposed:false
465 silly fetch manifest lightningcss-linux-arm64-musl@1.32.0
466 silly packumentCache full:https://registry.npmjs.org/lightningcss-linux-arm64-musl cache-miss
467 http fetch GET 200 https://registry.npmjs.org/graceful-fs 116ms (cache miss)
468 silly packumentCache full:https://registry.npmjs.org/graceful-fs set size:undefined disposed:false
469 silly fetch manifest lightningcss-win32-arm64-msvc@1.32.0
470 silly packumentCache full:https://registry.npmjs.org/lightningcss-win32-arm64-msvc cache-miss
471 http fetch GET 200 https://registry.npmjs.org/lightningcss-android-arm64 36ms (cache miss)
472 silly packumentCache full:https://registry.npmjs.org/lightningcss-android-arm64 set size:undefined disposed:false
473 silly fetch manifest lightningcss-linux-arm-gnueabihf@1.32.0
474 silly packumentCache full:https://registry.npmjs.org/lightningcss-linux-arm-gnueabihf cache-miss
475 http fetch GET 200 https://registry.npmjs.org/lightningcss-linux-arm-gnueabihf 25ms (cache miss)
476 silly packumentCache full:https://registry.npmjs.org/lightningcss-linux-arm-gnueabihf set size:undefined disposed:false
477 silly fetch manifest @jridgewell/sourcemap-codec@^1.5.5
478 silly packumentCache full:https://registry.npmjs.org/@jridgewell%2fsourcemap-codec cache-miss
479 http fetch GET 200 https://registry.npmjs.org/lightningcss-linux-x64-gnu 66ms (cache miss)
480 silly packumentCache full:https://registry.npmjs.org/lightningcss-linux-x64-gnu set size:undefined disposed:false
481 http fetch GET 200 https://registry.npmjs.org/lightningcss-linux-x64-musl 68ms (cache miss)
482 silly packumentCache full:https://registry.npmjs.org/lightningcss-linux-x64-musl set size:undefined disposed:false
483 http fetch GET 200 https://registry.npmjs.org/lightningcss-win32-x64-msvc 68ms (cache miss)
484 silly packumentCache full:https://registry.npmjs.org/lightningcss-win32-x64-msvc set size:undefined disposed:false
485 http fetch GET 200 https://registry.npmjs.org/lightningcss-linux-arm64-gnu 68ms (cache miss)
486 silly packumentCache full:https://registry.npmjs.org/lightningcss-linux-arm64-gnu set size:undefined disposed:false
487 http fetch GET 200 https://registry.npmjs.org/lightningcss-win32-arm64-msvc 67ms (cache miss)
488 silly packumentCache full:https://registry.npmjs.org/lightningcss-win32-arm64-msvc set size:undefined disposed:false
489 http fetch GET 200 https://registry.npmjs.org/lightningcss-linux-arm64-musl 77ms (cache miss)
490 silly packumentCache full:https://registry.npmjs.org/lightningcss-linux-arm64-musl set size:undefined disposed:false
491 http fetch GET 200 https://registry.npmjs.org/@jridgewell%2fsourcemap-codec 38ms (cache miss)
492 silly packumentCache full:https://registry.npmjs.org/@jridgewell%2fsourcemap-codec set size:undefined disposed:false
493 silly placeDep ROOT @jridgewell/gen-mapping@0.3.13 OK for: @jridgewell/remapping@2.3.5 want: ^0.3.5
494 silly placeDep ROOT @jridgewell/trace-mapping@0.3.31 OK for: @jridgewell/remapping@2.3.5 want: ^0.3.24
495 silly fetch manifest @jridgewell/sourcemap-codec@^1.5.0
496 silly packumentCache full:https://registry.npmjs.org/@jridgewell%2fsourcemap-codec cache-miss
497 silly fetch manifest @jridgewell/resolve-uri@^3.1.0
498 silly packumentCache full:https://registry.npmjs.org/@jridgewell%2fresolve-uri cache-miss
499 silly fetch manifest @jridgewell/sourcemap-codec@^1.4.14
500 silly packumentCache full:https://registry.npmjs.org/@jridgewell%2fsourcemap-codec cache-miss
501 http cache https://registry.npmjs.org/@jridgewell%2fsourcemap-codec 8ms (cache hit)
502 silly packumentCache full:https://registry.npmjs.org/@jridgewell%2fsourcemap-codec set size:65255 disposed:false
503 http cache https://registry.npmjs.org/@jridgewell%2fsourcemap-codec 9ms (cache hit)
504 silly packumentCache full:https://registry.npmjs.org/@jridgewell%2fsourcemap-codec set size:65255 disposed:false
505 silly packumentCache full:https://registry.npmjs.org/@jridgewell%2fsourcemap-codec dispose
506 http fetch GET 200 https://registry.npmjs.org/@jridgewell%2fresolve-uri 71ms (cache miss)
507 silly packumentCache full:https://registry.npmjs.org/@jridgewell%2fresolve-uri set size:undefined disposed:false
508 silly placeDep ROOT @jridgewell/sourcemap-codec@1.6.0 OK for: @jridgewell/gen-mapping@0.3.13 want: ^1.5.0
509 silly placeDep ROOT @jridgewell/resolve-uri@3.1.2 OK for: @jridgewell/trace-mapping@0.3.31 want: ^3.1.0
510 silly placeDep ROOT @tailwindcss/oxide-android-arm64@4.3.3 OK for: @tailwindcss/oxide@4.3.3 want: 4.3.3
511 silly placeDep ROOT @tailwindcss/oxide-darwin-arm64@4.3.3 OK for: @tailwindcss/oxide@4.3.3 want: 4.3.3
512 silly placeDep ROOT @tailwindcss/oxide-darwin-x64@4.3.3 OK for: @tailwindcss/oxide@4.3.3 want: 4.3.3
513 silly placeDep ROOT @tailwindcss/oxide-freebsd-x64@4.3.3 OK for: @tailwindcss/oxide@4.3.3 want: 4.3.3
514 silly placeDep ROOT @tailwindcss/oxide-linux-arm-gnueabihf@4.3.3 OK for: @tailwindcss/oxide@4.3.3 want: 4.3.3
515 silly placeDep ROOT @tailwindcss/oxide-linux-arm64-gnu@4.3.3 OK for: @tailwindcss/oxide@4.3.3 want: 4.3.3
516 silly placeDep ROOT @tailwindcss/oxide-linux-arm64-musl@4.3.3 OK for: @tailwindcss/oxide@4.3.3 want: 4.3.3
517 silly placeDep ROOT @tailwindcss/oxide-linux-x64-gnu@4.3.3 OK for: @tailwindcss/oxide@4.3.3 want: 4.3.3
518 silly placeDep ROOT @tailwindcss/oxide-linux-x64-musl@4.3.3 OK for: @tailwindcss/oxide@4.3.3 want: 4.3.3
519 silly placeDep ROOT @tailwindcss/oxide-wasm32-wasi@4.3.3 OK for: @tailwindcss/oxide@4.3.3 want: 4.3.3
520 silly placeDep ROOT @tailwindcss/oxide-win32-arm64-msvc@4.3.3 OK for: @tailwindcss/oxide@4.3.3 want: 4.3.3
521 silly placeDep ROOT @tailwindcss/oxide-win32-x64-msvc@4.3.3 OK for: @tailwindcss/oxide@4.3.3 want: 4.3.3
522 silly fetch manifest react@>=18.0.0 || >=19.0.0
523 silly packumentCache full:https://registry.npmjs.org/react cache-miss
524 http cache https://registry.npmjs.org/react 13ms (cache hit)
525 silly packumentCache full:https://registry.npmjs.org/react set size:6997055 disposed:false
526 silly fetch manifest react-dom@>=18.0.0 || >=19.0.0
527 silly packumentCache full:https://registry.npmjs.org/react-dom cache-miss
528 http cache https://registry.npmjs.org/react-dom 25ms (cache hit)
529 silly packumentCache full:https://registry.npmjs.org/react-dom set size:9424681 disposed:false
530 silly placeDep ROOT @tanstack/history@1.162.4 OK for: @tanstack/react-router@1.170.38 want: 1.162.4
531 silly placeDep ROOT @tanstack/react-store@0.11.1 OK for: @tanstack/react-router@1.170.38 want: ^0.11.0
532 silly placeDep ROOT @tanstack/router-core@1.171.32 OK for: @tanstack/react-router@1.170.38 want: 1.171.32
533 silly placeDep ROOT isbot@5.2.2 OK for: @tanstack/react-router@1.170.38 want: ^5.1.22
534 silly fetch manifest @tanstack/store@0.11.1
535 silly packumentCache full:https://registry.npmjs.org/@tanstack%2fstore cache-miss
536 silly fetch manifest use-sync-external-store@^1.6.0
537 silly packumentCache full:https://registry.npmjs.org/use-sync-external-store cache-miss
538 silly fetch manifest seroval@^1.6.2
539 silly packumentCache full:https://registry.npmjs.org/seroval cache-miss
540 silly fetch manifest cookie-es@^3.0.0
541 silly packumentCache full:https://registry.npmjs.org/cookie-es cache-miss
542 silly fetch manifest seroval-plugins@^1.6.2
543 silly packumentCache full:https://registry.npmjs.org/seroval-plugins cache-miss
544 http fetch GET 200 https://registry.npmjs.org/cookie-es 25ms (cache miss)
545 silly packumentCache full:https://registry.npmjs.org/cookie-es set size:undefined disposed:false
546 http fetch GET 200 https://registry.npmjs.org/seroval 85ms (cache miss)
547 silly packumentCache full:https://registry.npmjs.org/seroval set size:undefined disposed:false
548 http fetch GET 200 https://registry.npmjs.org/use-sync-external-store 194ms (cache miss)
549 silly packumentCache full:https://registry.npmjs.org/use-sync-external-store set size:undefined disposed:false
550 http fetch GET 200 https://registry.npmjs.org/seroval-plugins 222ms (cache miss)
551 silly packumentCache full:https://registry.npmjs.org/seroval-plugins set size:undefined disposed:false
552 http fetch GET 200 https://registry.npmjs.org/@tanstack%2fstore 225ms (cache miss)
553 silly packumentCache full:https://registry.npmjs.org/@tanstack%2fstore set size:undefined disposed:false
554 silly fetch manifest react@^16.8.0 || ^17.0.0 || ^18.0.0 || ^19.0.0
555 silly packumentCache full:https://registry.npmjs.org/react cache-miss
556 http cache https://registry.npmjs.org/react 19ms (cache hit)
557 silly packumentCache full:https://registry.npmjs.org/react set size:6997055 disposed:false
558 silly placeDep ROOT @tanstack/store@0.11.1 OK for: @tanstack/react-store@0.11.1 want: 0.11.1
559 silly placeDep ROOT use-sync-external-store@1.7.0 OK for: @tanstack/react-store@0.11.1 want: ^1.6.0
560 silly placeDep ROOT cookie-es@3.1.1 OK for: @tanstack/router-core@1.171.32 want: ^3.0.0
561 silly placeDep ROOT seroval@1.6.7 OK for: @tanstack/router-core@1.171.32 want: ^1.6.2
562 silly placeDep ROOT seroval-plugins@1.6.7 OK for: @tanstack/router-core@1.171.32 want: ^1.6.2
563 silly fetch manifest @farmfe/core@*
564 silly packumentCache full:https://registry.npmjs.org/@farmfe%2fcore cache-miss
565 http fetch GET 200 https://registry.npmjs.org/@farmfe%2fcore 615ms (cache miss)
566 silly packumentCache full:https://registry.npmjs.org/@farmfe%2fcore set size:undefined disposed:false
567 silly fetch manifest @rspack/core@*
568 silly packumentCache full:https://registry.npmjs.org/@rspack%2fcore cache-miss
569 http fetch GET 200 https://registry.npmjs.org/@rspack%2fcore 209ms (cache miss)
570 silly packumentCache full:https://registry.npmjs.org/@rspack%2fcore set size:undefined disposed:false
571 silly fetch manifest @module-federation/runtime-tools@^0.24.1 || ^2.0.0
572 silly packumentCache full:https://registry.npmjs.org/@module-federation%2fruntime-tools cache-miss
573 http fetch GET 200 https://registry.npmjs.org/@module-federation%2fruntime-tools 110ms (cache miss)
574 silly packumentCache full:https://registry.npmjs.org/@module-federation%2fruntime-tools set size:undefined disposed:false
575 silly fetch manifest @swc/helpers@^0.5.23
576 silly packumentCache full:https://registry.npmjs.org/@swc%2fhelpers cache-miss
577 http fetch GET 200 https://registry.npmjs.org/@swc%2fhelpers 107ms (cache miss)
578 silly packumentCache full:https://registry.npmjs.org/@swc%2fhelpers set size:undefined disposed:false
579 silly fetch manifest bun-types-no-globals@*
580 silly packumentCache full:https://registry.npmjs.org/bun-types-no-globals cache-miss
581 http fetch GET 200 https://registry.npmjs.org/bun-types-no-globals 215ms (cache miss)
582 silly packumentCache full:https://registry.npmjs.org/bun-types-no-globals set size:undefined disposed:false
583 silly fetch manifest esbuild@*
584 silly packumentCache full:https://registry.npmjs.org/esbuild cache-miss
585 http cache https://registry.npmjs.org/esbuild 6ms (cache hit)
586 silly packumentCache full:https://registry.npmjs.org/esbuild set size:1264676 disposed:false
587 silly fetch manifest rolldown@*
588 silly packumentCache full:https://registry.npmjs.org/rolldown cache-miss
589 http cache https://registry.npmjs.org/rolldown 12ms (cache hit)
590 silly packumentCache full:https://registry.npmjs.org/rolldown set size:3821542 disposed:false
591 silly fetch manifest rollup@*
592 silly packumentCache full:https://registry.npmjs.org/rollup cache-miss
593 http fetch GET 200 https://registry.npmjs.org/rollup 210ms (cache miss)
594 silly packumentCache full:https://registry.npmjs.org/rollup set size:undefined disposed:false
595 silly fetch manifest unloader@*
596 silly packumentCache full:https://registry.npmjs.org/unloader cache-miss
597 http fetch GET 200 https://registry.npmjs.org/unloader 211ms (cache miss)
598 silly packumentCache full:https://registry.npmjs.org/unloader set size:undefined disposed:false
599 silly fetch manifest vite@>=5.0.0 || >=6.0.0 || >=7.0.0 || >=8.0.0
600 silly packumentCache full:https://registry.npmjs.org/vite cache-miss
601 http cache https://registry.npmjs.org/vite 60ms (cache hit)
602 silly packumentCache full:https://registry.npmjs.org/vite set size:38945461 disposed:false
603 silly placeDep ROOT @babel/core@7.29.7 OK for: @tanstack/router-plugin@1.168.40 want: ^7.29.7
604 silly placeDep ROOT @babel/template@7.29.7 OK for: @tanstack/router-plugin@1.168.40 want: ^7.29.7
605 silly placeDep ROOT @babel/types@7.29.8 OK for: @tanstack/router-plugin@1.168.40 want: ^7.29.8
606 silly placeDep ROOT @tanstack/router-generator@1.167.38 OK for: @tanstack/router-plugin@1.168.40 want: 1.167.38
607 silly placeDep ROOT @tanstack/router-utils@1.162.3 OK for: @tanstack/router-plugin@1.168.40 want: 1.162.3
608 silly placeDep ROOT chokidar@5.0.0 OK for: @tanstack/router-plugin@1.168.40 want: ^5.0.0
609 silly placeDep ROOT unplugin@3.4.0 OK for: @tanstack/router-plugin@1.168.40 want: ^3.3.0
610 silly placeDep ROOT zod@4.6.5 OK for: @tanstack/router-plugin@1.168.40 want: ^4.5.4
611 silly fetch manifest debug@^4.1.0
612 silly packumentCache full:https://registry.npmjs.org/debug cache-miss
613 silly fetch manifest json5@^2.2.3
614 silly packumentCache full:https://registry.npmjs.org/json5 cache-miss
615 silly fetch manifest semver@^6.3.1
616 silly packumentCache full:https://registry.npmjs.org/semver cache-miss
617 silly fetch manifest gensync@^1.0.0-beta.2
618 silly packumentCache full:https://registry.npmjs.org/gensync cache-miss
619 silly fetch manifest @babel/types@^7.29.7
620 silly packumentCache full:https://registry.npmjs.org/@babel%2ftypes cache-miss
621 silly fetch manifest @babel/parser@^7.29.7
622 silly packumentCache full:https://registry.npmjs.org/@babel%2fparser cache-miss
623 silly fetch manifest @babel/helpers@^7.29.7
624 silly packumentCache full:https://registry.npmjs.org/@babel%2fhelpers cache-miss
625 http cache https://registry.npmjs.org/@babel%2ftypes 40ms (cache hit)
626 silly packumentCache full:https://registry.npmjs.org/@babel%2ftypes set size:507562 disposed:false
627 silly fetch manifest @babel/traverse@^7.29.7
628 silly packumentCache full:https://registry.npmjs.org/@babel%2ftraverse cache-miss
629 http fetch GET 200 https://registry.npmjs.org/semver 52ms (cache miss)
630 silly packumentCache full:https://registry.npmjs.org/semver set size:undefined disposed:false
631 silly fetch manifest @babel/generator@^7.29.7
632 silly packumentCache full:https://registry.npmjs.org/@babel%2fgenerator cache-miss
633 http fetch GET 200 https://registry.npmjs.org/gensync 70ms (cache miss)
634 silly packumentCache full:https://registry.npmjs.org/gensync set size:undefined disposed:false
635 silly fetch manifest @babel/code-frame@^7.29.7
636 silly packumentCache full:https://registry.npmjs.org/@babel%2fcode-frame cache-miss
637 http fetch GET 200 https://registry.npmjs.org/json5 74ms (cache miss)
638 silly packumentCache full:https://registry.npmjs.org/json5 set size:undefined disposed:false
639 silly fetch manifest convert-source-map@^2.0.0
640 silly packumentCache full:https://registry.npmjs.org/convert-source-map cache-miss
641 http fetch GET 200 https://registry.npmjs.org/debug 83ms (cache miss)
642 silly packumentCache full:https://registry.npmjs.org/debug set size:undefined disposed:false
643 silly fetch manifest @babel/helper-module-transforms@^7.29.7
644 silly packumentCache full:https://registry.npmjs.org/@babel%2fhelper-module-transforms cache-miss
645 http fetch GET 200 https://registry.npmjs.org/@babel%2fhelpers 95ms (cache miss)
646 silly packumentCache full:https://registry.npmjs.org/@babel%2fhelpers set size:undefined disposed:false
647 silly fetch manifest @babel/helper-compilation-targets@^7.29.7
648 silly packumentCache full:https://registry.npmjs.org/@babel%2fhelper-compilation-targets cache-miss
649 http fetch GET 200 https://registry.npmjs.org/@babel%2fparser 101ms (cache miss)
650 silly packumentCache full:https://registry.npmjs.org/@babel%2fparser set size:undefined disposed:false
651 silly fetch manifest @babel/code-frame@^7.29.7
652 silly packumentCache full:https://registry.npmjs.org/@babel%2fcode-frame cache-miss
653 http fetch GET 200 https://registry.npmjs.org/@babel%2fgenerator 56ms (cache miss)
654 silly packumentCache full:https://registry.npmjs.org/@babel%2fgenerator set size:undefined disposed:false
655 silly fetch manifest @babel/helper-string-parser@^7.29.7
656 silly packumentCache full:https://registry.npmjs.org/@babel%2fhelper-string-parser cache-miss
657 http fetch GET 200 https://registry.npmjs.org/convert-source-map 66ms (cache miss)
658 silly packumentCache full:https://registry.npmjs.org/convert-source-map set size:undefined disposed:false
659 silly fetch manifest @babel/helper-validator-identifier@^7.29.7
660 silly packumentCache full:https://registry.npmjs.org/@babel%2fhelper-validator-identifier cache-miss
661 http fetch GET 200 https://registry.npmjs.org/@babel%2ftraverse 100ms (cache miss)
662 silly packumentCache full:https://registry.npmjs.org/@babel%2ftraverse set size:undefined disposed:false
663 silly fetch manifest prettier@^3.9.6
664 silly packumentCache full:https://registry.npmjs.org/prettier cache-miss
665 http fetch GET 200 https://registry.npmjs.org/@babel%2fhelper-string-parser 36ms (cache miss)
666 silly packumentCache full:https://registry.npmjs.org/@babel%2fhelper-string-parser set size:undefined disposed:false
667 silly fetch manifest @tanstack/virtual-file-routes@1.162.0
668 silly packumentCache full:https://registry.npmjs.org/@tanstack%2fvirtual-file-routes cache-miss
669 http fetch GET 200 https://registry.npmjs.org/@babel%2fcode-frame 85ms (cache miss)
670 silly packumentCache full:https://registry.npmjs.org/@babel%2fcode-frame set size:undefined disposed:false
671 silly fetch manifest diff@^8.0.4
672 silly packumentCache full:https://registry.npmjs.org/diff cache-miss
673 http fetch GET 200 https://registry.npmjs.org/@babel%2fhelper-compilation-targets 71ms (cache miss)
674 silly packumentCache full:https://registry.npmjs.org/@babel%2fhelper-compilation-targets set size:undefined disposed:false
675 silly fetch manifest ansis@^4.3.1
676 silly packumentCache full:https://registry.npmjs.org/ansis cache-miss
677 http fetch GET 200 https://registry.npmjs.org/@babel%2fcode-frame 75ms (cache miss)
678 silly packumentCache full:https://registry.npmjs.org/@babel%2fcode-frame set size:undefined disposed:false
679 silly fetch manifest pathe@^2.0.3
680 silly packumentCache full:https://registry.npmjs.org/pathe cache-miss
681 http fetch GET 200 https://registry.npmjs.org/diff 29ms (cache miss)
682 silly packumentCache full:https://registry.npmjs.org/diff set size:undefined disposed:false
683 silly fetch manifest @babel/parser@^7.29.8
684 silly packumentCache full:https://registry.npmjs.org/@babel%2fparser cache-miss
685 http fetch GET 200 https://registry.npmjs.org/@babel%2fhelper-module-transforms 108ms (cache miss)
686 silly packumentCache full:https://registry.npmjs.org/@babel%2fhelper-module-transforms set size:undefined disposed:false
687 silly fetch manifest @babel/generator@^7.29.8
688 silly packumentCache full:https://registry.npmjs.org/@babel%2fgenerator cache-miss
689 http cache https://registry.npmjs.org/@babel%2fparser 7ms (cache hit)
690 silly packumentCache full:https://registry.npmjs.org/@babel%2fparser set size:745724 disposed:false
691 silly fetch manifest babel-dead-code-elimination@^1.0.12
692 silly packumentCache full:https://registry.npmjs.org/babel-dead-code-elimination cache-miss
693 http cache https://registry.npmjs.org/@babel%2fgenerator 11ms (cache hit)
694 silly packumentCache full:https://registry.npmjs.org/@babel%2fgenerator set size:527796 disposed:false
695 silly fetch manifest readdirp@^5.0.0
696 silly packumentCache full:https://registry.npmjs.org/readdirp cache-miss
697 http fetch GET 200 https://registry.npmjs.org/@babel%2fhelper-validator-identifier 74ms (cache miss)
698 silly packumentCache full:https://registry.npmjs.org/@babel%2fhelper-validator-identifier set size:undefined disposed:false
699 silly fetch manifest webpack-virtual-modules@^0.6.2
700 silly packumentCache full:https://registry.npmjs.org/webpack-virtual-modules cache-miss
701 http fetch GET 200 https://registry.npmjs.org/babel-dead-code-elimination 23ms (cache miss)
702 silly packumentCache full:https://registry.npmjs.org/babel-dead-code-elimination set size:undefined disposed:false
703 http fetch GET 200 https://registry.npmjs.org/prettier 83ms (cache miss)
704 silly packumentCache full:https://registry.npmjs.org/prettier set size:undefined disposed:false
705 http fetch GET 200 https://registry.npmjs.org/ansis 76ms (cache miss)
706 silly packumentCache full:https://registry.npmjs.org/ansis set size:undefined disposed:false
707 http fetch GET 200 https://registry.npmjs.org/pathe 65ms (cache miss)
708 silly packumentCache full:https://registry.npmjs.org/pathe set size:undefined disposed:false
709 http fetch GET 200 https://registry.npmjs.org/readdirp 66ms (cache miss)
710 silly packumentCache full:https://registry.npmjs.org/readdirp set size:undefined disposed:false
711 http fetch GET 200 https://registry.npmjs.org/webpack-virtual-modules 59ms (cache miss)
712 silly packumentCache full:https://registry.npmjs.org/webpack-virtual-modules set size:undefined disposed:false
713 http fetch GET 200 https://registry.npmjs.org/@tanstack%2fvirtual-file-routes 566ms (cache miss)
714 silly packumentCache full:https://registry.npmjs.org/@tanstack%2fvirtual-file-routes set size:undefined disposed:false
715 silly fetch manifest @babel/core@^7.0.0
716 silly packumentCache full:https://registry.npmjs.org/@babel%2fcore cache-hit
717 silly placeDep ROOT @babel/code-frame@7.29.7 OK for: @babel/core@7.29.7 want: ^7.29.7
718 silly placeDep ROOT @babel/generator@7.29.8 OK for: @babel/core@7.29.7 want: ^7.29.7
719 silly placeDep ROOT @babel/helper-compilation-targets@7.29.7 OK for: @babel/core@7.29.7 want: ^7.29.7
720 silly placeDep ROOT @babel/helper-module-transforms@7.29.7 OK for: @babel/core@7.29.7 want: ^7.29.7
721 silly placeDep ROOT @babel/helpers@7.29.7 OK for: @babel/core@7.29.7 want: ^7.29.7
722 silly placeDep ROOT @babel/parser@7.29.9 OK for: @babel/core@7.29.7 want: ^7.29.7
723 silly placeDep ROOT @babel/traverse@7.29.8 OK for: @babel/core@7.29.7 want: ^7.29.7
724 silly placeDep ROOT convert-source-map@2.0.0 OK for: @babel/core@7.29.7 want: ^2.0.0
725 silly placeDep ROOT debug@4.4.3 OK for: @babel/core@7.29.7 want: ^4.1.0
726 silly placeDep ROOT gensync@1.0.0-beta.2 OK for: @babel/core@7.29.7 want: ^1.0.0-beta.2
727 silly placeDep ROOT json5@2.2.3 OK for: @babel/core@7.29.7 want: ^2.2.3
728 silly placeDep ROOT semver@6.3.1 OK for: @babel/core@7.29.7 want: ^6.3.1
729 silly fetch manifest js-tokens@^4.0.0
730 silly packumentCache full:https://registry.npmjs.org/js-tokens cache-miss
731 silly fetch manifest picocolors@^1.1.1
732 silly packumentCache full:https://registry.npmjs.org/picocolors cache-miss
733 silly fetch manifest jsesc@^3.0.2
734 silly packumentCache full:https://registry.npmjs.org/jsesc cache-miss
735 silly fetch manifest lru-cache@^5.1.1
736 silly packumentCache full:https://registry.npmjs.org/lru-cache cache-miss
737 silly fetch manifest browserslist@^4.24.0
738 silly packumentCache full:https://registry.npmjs.org/browserslist cache-miss
739 silly fetch manifest @babel/compat-data@^7.29.7
740 silly packumentCache full:https://registry.npmjs.org/@babel%2fcompat-data cache-miss
741 silly fetch manifest @babel/helper-validator-option@^7.29.7
742 silly packumentCache full:https://registry.npmjs.org/@babel%2fhelper-validator-option cache-miss
743 http fetch GET 200 https://registry.npmjs.org/js-tokens 22ms (cache miss)
744 silly packumentCache full:https://registry.npmjs.org/js-tokens set size:undefined disposed:false
745 silly fetch manifest @babel/helper-module-imports@^7.29.7
746 silly packumentCache full:https://registry.npmjs.org/@babel%2fhelper-module-imports cache-miss
747 http fetch GET 200 https://registry.npmjs.org/@babel%2fhelper-module-imports 30ms (cache miss)
748 silly packumentCache full:https://registry.npmjs.org/@babel%2fhelper-module-imports set size:undefined disposed:false
749 silly fetch manifest debug@^4.3.1
750 silly packumentCache full:https://registry.npmjs.org/debug cache-miss
751 http cache https://registry.npmjs.org/debug 15ms (cache hit)
752 silly packumentCache full:https://registry.npmjs.org/debug set size:195840 disposed:false
753 silly fetch manifest @babel/helper-globals@^7.29.7
754 silly packumentCache full:https://registry.npmjs.org/@babel%2fhelper-globals cache-miss
755 http fetch GET 200 https://registry.npmjs.org/jsesc 81ms (cache miss)
756 silly packumentCache full:https://registry.npmjs.org/jsesc set size:undefined disposed:false
757 silly fetch manifest ms@^2.1.3
758 silly packumentCache full:https://registry.npmjs.org/ms cache-miss
759 http fetch GET 200 https://registry.npmjs.org/@babel%2fhelper-validator-option 86ms (cache miss)
760 silly packumentCache full:https://registry.npmjs.org/@babel%2fhelper-validator-option set size:undefined disposed:false
761 http fetch GET 200 https://registry.npmjs.org/picocolors 92ms (cache miss)
762 silly packumentCache full:https://registry.npmjs.org/picocolors set size:undefined disposed:false
763 http fetch GET 200 https://registry.npmjs.org/@babel%2fcompat-data 92ms (cache miss)
764 silly packumentCache full:https://registry.npmjs.org/@babel%2fcompat-data set size:undefined disposed:false
765 http fetch GET 200 https://registry.npmjs.org/@babel%2fhelper-globals 26ms (cache miss)
766 silly packumentCache full:https://registry.npmjs.org/@babel%2fhelper-globals set size:undefined disposed:false
767 http fetch GET 200 https://registry.npmjs.org/lru-cache 102ms (cache miss)
768 silly packumentCache full:https://registry.npmjs.org/lru-cache set size:undefined disposed:false
769 http fetch GET 200 https://registry.npmjs.org/browserslist 107ms (cache miss)
770 silly packumentCache full:https://registry.npmjs.org/browserslist set size:undefined disposed:false
771 http fetch GET 200 https://registry.npmjs.org/ms 61ms (cache miss)
772 silly packumentCache full:https://registry.npmjs.org/ms set size:undefined disposed:false
773 silly placeDep ROOT @babel/helper-validator-identifier@7.29.7 OK for: @babel/code-frame@7.29.7 want: ^7.29.7
774 silly placeDep ROOT js-tokens@4.0.0 OK for: @babel/code-frame@7.29.7 want: ^4.0.0
775 silly placeDep ROOT picocolors@1.1.1 OK for: @babel/code-frame@7.29.7 want: ^1.1.1
776 silly placeDep ROOT jsesc@3.1.0 OK for: @babel/generator@7.29.8 want: ^3.0.2
777 silly placeDep ROOT @babel/compat-data@7.29.7 OK for: @babel/helper-compilation-targets@7.29.7 want: ^7.29.7
778 silly placeDep ROOT @babel/helper-validator-option@7.29.7 OK for: @babel/helper-compilation-targets@7.29.7 want: ^7.29.7
779 silly placeDep ROOT browserslist@4.29.0 OK for: @babel/helper-compilation-targets@7.29.7 want: ^4.24.0
780 silly placeDep ROOT lru-cache@5.1.1 OK for: @babel/helper-compilation-targets@7.29.7 want: ^5.1.1
781 silly fetch manifest caniuse-lite@^1.0.30001810
782 silly packumentCache full:https://registry.npmjs.org/caniuse-lite cache-miss
783 silly fetch manifest node-releases@^2.0.55
784 silly packumentCache full:https://registry.npmjs.org/node-releases cache-miss
785 silly fetch manifest electron-to-chromium@^1.5.427
786 silly packumentCache full:https://registry.npmjs.org/electron-to-chromium cache-miss
787 silly fetch manifest update-browserslist-db@^1.3.3
788 silly packumentCache full:https://registry.npmjs.org/update-browserslist-db cache-miss
789 silly fetch manifest baseline-browser-mapping@^2.11.23
790 silly packumentCache full:https://registry.npmjs.org/baseline-browser-mapping cache-miss
791 silly fetch manifest yallist@^3.0.2
792 silly packumentCache full:https://registry.npmjs.org/yallist cache-miss
793 http fetch GET 200 https://registry.npmjs.org/yallist 23ms (cache miss)
794 silly packumentCache full:https://registry.npmjs.org/yallist set size:undefined disposed:false
795 http fetch GET 200 https://registry.npmjs.org/update-browserslist-db 58ms (cache miss)
796 silly packumentCache full:https://registry.npmjs.org/update-browserslist-db set size:undefined disposed:false
797 http fetch GET 200 https://registry.npmjs.org/node-releases 77ms (cache miss)
798 silly packumentCache full:https://registry.npmjs.org/node-releases set size:undefined disposed:false
799 http fetch GET 200 https://registry.npmjs.org/baseline-browser-mapping 84ms (cache miss)
800 silly packumentCache full:https://registry.npmjs.org/baseline-browser-mapping set size:undefined disposed:false
801 http fetch GET 200 https://registry.npmjs.org/caniuse-lite 123ms (cache miss)
802 silly packumentCache full:https://registry.npmjs.org/caniuse-lite set size:undefined disposed:false
803 http fetch GET 200 https://registry.npmjs.org/electron-to-chromium 255ms (cache miss)
804 silly packumentCache full:https://registry.npmjs.org/electron-to-chromium set size:undefined disposed:false
805 silly placeDep ROOT @babel/helper-module-imports@7.29.7 OK for: @babel/helper-module-transforms@7.29.7 want: ^7.29.7
806 silly placeDep ROOT @babel/helper-globals@7.29.7 OK for: @babel/traverse@7.29.8 want: ^7.29.7
807 silly placeDep ROOT @babel/helper-string-parser@7.29.7 OK for: @babel/types@7.29.8 want: ^7.29.7
808 silly placeDep ROOT @tanstack/virtual-file-routes@1.162.0 OK for: @tanstack/router-generator@1.167.38 want: 1.162.0
809 silly placeDep ROOT prettier@3.9.8 OK for: @tanstack/router-generator@1.167.38 want: ^3.9.6
810 silly placeDep ROOT ansis@4.4.0 OK for: @tanstack/router-utils@1.162.3 want: ^4.3.1
811 silly placeDep ROOT babel-dead-code-elimination@1.0.12 OK for: @tanstack/router-utils@1.162.3 want: ^1.0.12
812 silly placeDep ROOT diff@8.0.4 OK for: @tanstack/router-utils@1.162.3 want: ^8.0.4
813 silly placeDep ROOT pathe@2.0.3 OK for: @tanstack/router-utils@1.162.3 want: ^2.0.3
814 silly placeDep ROOT tinyglobby@0.2.17 OK for: @tanstack/router-utils@1.162.3 want: ^0.2.17
815 silly fetch manifest fdir@^6.5.0
816 silly packumentCache full:https://registry.npmjs.org/fdir cache-miss
817 silly fetch manifest picomatch@^4.0.4
818 silly packumentCache full:https://registry.npmjs.org/picomatch cache-miss
819 http cache https://registry.npmjs.org/picomatch 5ms (cache hit)
820 silly packumentCache full:https://registry.npmjs.org/picomatch set size:134451 disposed:false
821 http fetch GET 200 https://registry.npmjs.org/fdir 65ms (cache miss)
822 silly packumentCache full:https://registry.npmjs.org/fdir set size:undefined disposed:false
823 silly placeDep ROOT csstype@3.2.3 OK for: @types/react@19.3.0 want: ^3.2.2
824 silly placeDep ROOT @babel/plugin-transform-react-jsx-self@7.29.7 OK for: @vitejs/plugin-react@5.2.0 want: ^7.27.1
825 silly placeDep ROOT @babel/plugin-transform-react-jsx-source@7.29.7 OK for: @vitejs/plugin-react@5.2.0 want: ^7.27.1
826 silly placeDep ROOT @rolldown/pluginutils@1.0.0-rc.3 OK for: @vitejs/plugin-react@5.2.0 want: 1.0.0-rc.3
827 silly placeDep ROOT @types/babel__core@7.20.5 OK for: @vitejs/plugin-react@5.2.0 want: ^7.20.5
828 silly placeDep ROOT react-refresh@0.18.0 OK for: @vitejs/plugin-react@5.2.0 want: ^0.18.0
829 silly fetch manifest @babel/helper-plugin-utils@^7.29.7
830 silly packumentCache full:https://registry.npmjs.org/@babel%2fhelper-plugin-utils cache-miss
831 silly fetch manifest @babel/helper-plugin-utils@^7.29.7
832 silly packumentCache full:https://registry.npmjs.org/@babel%2fhelper-plugin-utils cache-miss
833 silly fetch manifest @types/babel__template@*
834 silly packumentCache full:https://registry.npmjs.org/@types%2fbabel__template cache-miss
835 silly fetch manifest @types/babel__traverse@*
836 silly packumentCache full:https://registry.npmjs.org/@types%2fbabel__traverse cache-miss
837 silly fetch manifest @types/babel__generator@*
838 silly packumentCache full:https://registry.npmjs.org/@types%2fbabel__generator cache-miss
839 http fetch GET 200 https://registry.npmjs.org/@babel%2fhelper-plugin-utils 28ms (cache miss)
840 silly packumentCache full:https://registry.npmjs.org/@babel%2fhelper-plugin-utils set size:undefined disposed:false
841 http fetch GET 200 https://registry.npmjs.org/@babel%2fhelper-plugin-utils 75ms (cache miss)
842 silly packumentCache full:https://registry.npmjs.org/@babel%2fhelper-plugin-utils set size:undefined disposed:false
843 http fetch GET 200 https://registry.npmjs.org/@types%2fbabel__generator 78ms (cache miss)
844 silly packumentCache full:https://registry.npmjs.org/@types%2fbabel__generator set size:undefined disposed:false
845 http fetch GET 200 https://registry.npmjs.org/@types%2fbabel__template 79ms (cache miss)
846 silly packumentCache full:https://registry.npmjs.org/@types%2fbabel__template set size:undefined disposed:false
847 http fetch GET 200 https://registry.npmjs.org/@types%2fbabel__traverse 82ms (cache miss)
848 silly packumentCache full:https://registry.npmjs.org/@types%2fbabel__traverse set size:undefined disposed:false
849 silly placeDep ROOT @babel/helper-plugin-utils@7.29.7 OK for: @babel/plugin-transform-react-jsx-self@7.29.7 want: ^7.29.7
850 silly placeDep ROOT @types/babel__generator@7.27.0 OK for: @types/babel__core@7.20.5 want: *
851 silly placeDep ROOT @types/babel__template@7.4.4 OK for: @types/babel__core@7.20.5 want: *
852 silly placeDep ROOT @types/babel__traverse@7.28.0 OK for: @types/babel__core@7.20.5 want: *
853 silly fetch manifest browserslist@>= 4.21.0
854 silly packumentCache full:https://registry.npmjs.org/browserslist cache-miss
855 http cache https://registry.npmjs.org/browserslist 5ms (cache hit)
856 silly packumentCache full:https://registry.npmjs.org/browserslist set size:523370 disposed:false
857 silly placeDep ROOT baseline-browser-mapping@2.11.25 OK for: browserslist@4.29.0 want: ^2.11.23
858 silly placeDep ROOT caniuse-lite@1.0.30001810 OK for: browserslist@4.29.0 want: ^1.0.30001810
859 silly placeDep ROOT electron-to-chromium@1.5.433 OK for: browserslist@4.29.0 want: ^1.5.427
860 silly placeDep ROOT node-releases@2.0.56 OK for: browserslist@4.29.0 want: ^2.0.55
861 silly placeDep ROOT update-browserslist-db@1.3.3 OK for: browserslist@4.29.0 want: ^1.3.3
862 silly fetch manifest escalade@^3.2.0
863 silly packumentCache full:https://registry.npmjs.org/escalade cache-miss
864 http fetch GET 200 https://registry.npmjs.org/escalade 67ms (cache miss)
865 silly packumentCache full:https://registry.npmjs.org/escalade set size:undefined disposed:false
866 silly placeDep ROOT readdirp@5.1.1 OK for: chokidar@5.0.0 want: ^5.0.0
867 silly placeDep ROOT ms@2.1.3 OK for: debug@4.4.3 want: ^2.1.3
868 silly placeDep ROOT graceful-fs@4.2.11 OK for: enhanced-resolve@5.25.1 want: ^4.2.4
869 silly placeDep ROOT tapable@2.3.3 OK for: enhanced-resolve@5.25.1 want: ^2.3.3
870 silly placeDep ROOT detect-libc@2.1.2 OK for: lightningcss@1.32.0 want: ^2.0.3
871 silly placeDep ROOT lightningcss-android-arm64@1.32.0 OK for: lightningcss@1.32.0 want: 1.32.0
872 silly placeDep ROOT lightningcss-darwin-arm64@1.32.0 OK for: lightningcss@1.32.0 want: 1.32.0
873 silly placeDep ROOT lightningcss-darwin-x64@1.32.0 OK for: lightningcss@1.32.0 want: 1.32.0
874 silly placeDep ROOT lightningcss-freebsd-x64@1.32.0 OK for: lightningcss@1.32.0 want: 1.32.0
875 silly placeDep ROOT lightningcss-linux-arm-gnueabihf@1.32.0 OK for: lightningcss@1.32.0 want: 1.32.0
876 silly placeDep ROOT lightningcss-linux-arm64-gnu@1.32.0 OK for: lightningcss@1.32.0 want: 1.32.0
877 silly placeDep ROOT lightningcss-linux-arm64-musl@1.32.0 OK for: lightningcss@1.32.0 want: 1.32.0
878 silly placeDep ROOT lightningcss-linux-x64-gnu@1.32.0 OK for: lightningcss@1.32.0 want: 1.32.0
879 silly placeDep ROOT lightningcss-linux-x64-musl@1.32.0 OK for: lightningcss@1.32.0 want: 1.32.0
880 silly placeDep ROOT lightningcss-win32-arm64-msvc@1.32.0 OK for: lightningcss@1.32.0 want: 1.32.0
881 silly placeDep ROOT lightningcss-win32-x64-msvc@1.32.0 OK for: lightningcss@1.32.0 want: 1.32.0
882 silly placeDep ROOT yallist@3.1.1 OK for: lru-cache@5.1.1 want: ^3.0.2
883 silly placeDep ROOT scheduler@0.28.0 OK for: react-dom@19.3.0 want: ^0.28.0
884 silly placeDep ROOT fdir@6.5.0 OK for: tinyglobby@0.2.17 want: ^6.5.0
885 silly placeDep ROOT picomatch@4.0.7 OK for: tinyglobby@0.2.17 want: ^4.0.4
886 silly placeDep ROOT webpack-virtual-modules@0.6.2 OK for: unplugin@3.4.0 want: ^0.6.2
887 silly placeDep ROOT escalade@3.2.0 OK for: update-browserslist-db@1.3.3 want: ^3.2.0
888 silly placeDep ROOT fsevents@2.3.3 OK for: vite@8.3.0 want: ~2.3.3
889 silly placeDep node_modules/vite lightningcss@1.33.0 OK for: vite@8.3.0 want: ^1.33.0
890 silly placeDep ROOT postcss@8.5.28 OK for: vite@8.3.0 want: ^8.5.28
891 silly placeDep ROOT rolldown@1.2.9 OK for: vite@8.3.0 want: ~1.2.6
892 silly fetch manifest lightningcss-darwin-x64@1.33.0
893 silly packumentCache full:https://registry.npmjs.org/lightningcss-darwin-x64 cache-miss
894 silly fetch manifest lightningcss-linux-x64-gnu@1.33.0
895 silly packumentCache full:https://registry.npmjs.org/lightningcss-linux-x64-gnu cache-miss
896 silly fetch manifest lightningcss-win32-x64-msvc@1.33.0
897 silly packumentCache full:https://registry.npmjs.org/lightningcss-win32-x64-msvc cache-miss
898 silly fetch manifest lightningcss-win32-arm64-msvc@1.33.0
899 silly packumentCache full:https://registry.npmjs.org/lightningcss-win32-arm64-msvc cache-miss
900 silly fetch manifest lightningcss-darwin-arm64@1.33.0
901 silly packumentCache full:https://registry.npmjs.org/lightningcss-darwin-arm64 cache-miss
902 silly fetch manifest lightningcss-linux-arm64-gnu@1.33.0
903 silly packumentCache full:https://registry.npmjs.org/lightningcss-linux-arm64-gnu cache-miss
904 silly fetch manifest lightningcss-linux-arm-gnueabihf@1.33.0
905 silly packumentCache full:https://registry.npmjs.org/lightningcss-linux-arm-gnueabihf cache-miss
906 http cache https://registry.npmjs.org/lightningcss-linux-x64-gnu 7ms (cache hit)
907 silly packumentCache full:https://registry.npmjs.org/lightningcss-linux-x64-gnu set size:81819 disposed:false
908 silly fetch manifest lightningcss-linux-arm64-musl@1.33.0
909 silly packumentCache full:https://registry.npmjs.org/lightningcss-linux-arm64-musl cache-miss
910 http cache https://registry.npmjs.org/lightningcss-linux-arm64-gnu 9ms (cache hit)
911 silly packumentCache full:https://registry.npmjs.org/lightningcss-linux-arm64-gnu set size:82397 disposed:false
912 silly fetch manifest lightningcss-linux-x64-musl@1.33.0
913 silly packumentCache full:https://registry.npmjs.org/lightningcss-linux-x64-musl cache-miss
914 http cache https://registry.npmjs.org/lightningcss-darwin-x64 12ms (cache hit)
915 silly packumentCache full:https://registry.npmjs.org/lightningcss-darwin-x64 set size:80374 disposed:false
916 silly fetch manifest lightningcss-freebsd-x64@1.33.0
917 silly packumentCache full:https://registry.npmjs.org/lightningcss-freebsd-x64 cache-miss
918 http cache https://registry.npmjs.org/lightningcss-linux-arm-gnueabihf 12ms (cache hit)
919 silly packumentCache full:https://registry.npmjs.org/lightningcss-linux-arm-gnueabihf set size:82635 disposed:false
920 silly fetch manifest lightningcss-android-arm64@1.33.0
921 silly packumentCache full:https://registry.npmjs.org/lightningcss-android-arm64 cache-miss
922 http cache https://registry.npmjs.org/lightningcss-win32-arm64-msvc 15ms (cache hit)
923 silly packumentCache full:https://registry.npmjs.org/lightningcss-win32-arm64-msvc set size:28346 disposed:false
924 silly fetch manifest nanoid@^3.3.18
925 silly packumentCache full:https://registry.npmjs.org/nanoid cache-miss
926 http cache https://registry.npmjs.org/lightningcss-darwin-arm64 16ms (cache hit)
927 silly packumentCache full:https://registry.npmjs.org/lightningcss-darwin-arm64 set size:80970 disposed:false
928 silly fetch manifest @oxc-project/types@=0.150.0
929 silly packumentCache full:https://registry.npmjs.org/@oxc-project%2ftypes cache-miss
930 http cache https://registry.npmjs.org/lightningcss-win32-x64-msvc 18ms (cache hit)
931 silly packumentCache full:https://registry.npmjs.org/lightningcss-win32-x64-msvc set size:81347 disposed:false
932 silly fetch manifest @rolldown/pluginutils@^1.0.0
933 silly packumentCache full:https://registry.npmjs.org/@rolldown%2fpluginutils cache-miss
934 http cache https://registry.npmjs.org/lightningcss-linux-arm64-musl 16ms (cache hit)
935 silly packumentCache full:https://registry.npmjs.org/lightningcss-linux-arm64-musl set size:82617 disposed:false
936 silly fetch manifest @rolldown/binding-darwin-x64@1.2.9
937 silly packumentCache full:https://registry.npmjs.org/@rolldown%2fbinding-darwin-x64 cache-miss
938 http cache https://registry.npmjs.org/lightningcss-linux-x64-musl 19ms (cache hit)
939 silly packumentCache full:https://registry.npmjs.org/lightningcss-linux-x64-musl set size:82032 disposed:false
940 silly fetch manifest @rolldown/binding-freebsd-x64@1.2.9
941 silly packumentCache full:https://registry.npmjs.org/@rolldown%2fbinding-freebsd-x64 cache-miss
942 http cache https://registry.npmjs.org/lightningcss-freebsd-x64 18ms (cache hit)
943 silly packumentCache full:https://registry.npmjs.org/lightningcss-freebsd-x64 set size:44564 disposed:false
944 silly fetch manifest @rolldown/binding-darwin-arm64@1.2.9
945 silly packumentCache full:https://registry.npmjs.org/@rolldown%2fbinding-darwin-arm64 cache-miss
946 http cache https://registry.npmjs.org/lightningcss-android-arm64 18ms (cache hit)
947 silly packumentCache full:https://registry.npmjs.org/lightningcss-android-arm64 set size:9371 disposed:false
948 silly fetch manifest @rolldown/binding-android-arm64@1.2.9
949 silly packumentCache full:https://registry.npmjs.org/@rolldown%2fbinding-android-arm64 cache-miss
950 http cache https://registry.npmjs.org/@rolldown%2fpluginutils 15ms (cache hit)
951 silly packumentCache full:https://registry.npmjs.org/@rolldown%2fpluginutils set size:300388 disposed:false
952 silly fetch manifest @rolldown/binding-linux-x64-gnu@1.2.9
953 silly packumentCache full:https://registry.npmjs.org/@rolldown%2fbinding-linux-x64-gnu cache-miss
954 http fetch GET 200 https://registry.npmjs.org/@oxc-project%2ftypes 37ms (cache miss)
955 silly packumentCache full:https://registry.npmjs.org/@oxc-project%2ftypes set size:undefined disposed:false
956 silly fetch manifest @rolldown/binding-linux-x64-musl@1.2.9
957 silly packumentCache full:https://registry.npmjs.org/@rolldown%2fbinding-linux-x64-musl cache-miss
958 http fetch GET 200 https://registry.npmjs.org/nanoid 83ms (cache miss)
959 silly packumentCache full:https://registry.npmjs.org/nanoid set size:undefined disposed:false
960 silly fetch manifest @rolldown/binding-win32-x64-msvc@1.2.9
961 silly packumentCache full:https://registry.npmjs.org/@rolldown%2fbinding-win32-x64-msvc cache-miss
962 http fetch GET 200 https://registry.npmjs.org/@rolldown%2fbinding-android-arm64 91ms (cache miss)
963 silly packumentCache full:https://registry.npmjs.org/@rolldown%2fbinding-android-arm64 set size:undefined disposed:false
964 silly fetch manifest @rolldown/binding-linux-arm64-gnu@1.2.9
965 silly packumentCache full:https://registry.npmjs.org/@rolldown%2fbinding-linux-arm64-gnu cache-miss
966 http fetch GET 200 https://registry.npmjs.org/@rolldown%2fbinding-linux-x64-musl 83ms (cache miss)
967 silly packumentCache full:https://registry.npmjs.org/@rolldown%2fbinding-linux-x64-musl set size:undefined disposed:false
968 silly fetch manifest @rolldown/binding-linux-ppc64-gnu@1.2.9
969 silly packumentCache full:https://registry.npmjs.org/@rolldown%2fbinding-linux-ppc64-gnu cache-miss
970 http fetch GET 200 https://registry.npmjs.org/@rolldown%2fbinding-freebsd-x64 122ms (cache miss)
971 silly packumentCache full:https://registry.npmjs.org/@rolldown%2fbinding-freebsd-x64 set size:undefined disposed:false
972 silly fetch manifest @rolldown/binding-linux-s390x-gnu@1.2.9
973 silly packumentCache full:https://registry.npmjs.org/@rolldown%2fbinding-linux-s390x-gnu cache-miss
974 http fetch GET 200 https://registry.npmjs.org/@rolldown%2fbinding-darwin-arm64 150ms (cache miss)
975 silly packumentCache full:https://registry.npmjs.org/@rolldown%2fbinding-darwin-arm64 set size:undefined disposed:false
976 silly fetch manifest @rolldown/binding-android-arm-eabi@1.2.9
977 silly packumentCache full:https://registry.npmjs.org/@rolldown%2fbinding-android-arm-eabi cache-miss
978 http fetch GET 200 https://registry.npmjs.org/@rolldown%2fbinding-linux-x64-gnu 193ms (cache miss)
979 silly packumentCache full:https://registry.npmjs.org/@rolldown%2fbinding-linux-x64-gnu set size:undefined disposed:false
980 silly fetch manifest @rolldown/binding-linux-arm64-musl@1.2.9
981 silly packumentCache full:https://registry.npmjs.org/@rolldown%2fbinding-linux-arm64-musl cache-miss
982 http fetch GET 200 https://registry.npmjs.org/@rolldown%2fbinding-linux-ppc64-gnu 585ms (cache miss)
983 silly packumentCache full:https://registry.npmjs.org/@rolldown%2fbinding-linux-ppc64-gnu set size:undefined disposed:false
984 silly fetch manifest @rolldown/binding-win32-arm64-msvc@1.2.9
985 silly packumentCache full:https://registry.npmjs.org/@rolldown%2fbinding-win32-arm64-msvc cache-miss
986 http fetch GET 200 https://registry.npmjs.org/@rolldown%2fbinding-linux-arm64-gnu 613ms (cache miss)
987 silly packumentCache full:https://registry.npmjs.org/@rolldown%2fbinding-linux-arm64-gnu set size:undefined disposed:false
988 silly fetch manifest @rolldown/binding-openharmony-arm64@1.2.9
989 silly packumentCache full:https://registry.npmjs.org/@rolldown%2fbinding-openharmony-arm64 cache-miss
990 http fetch GET 200 https://registry.npmjs.org/@rolldown%2fbinding-win32-x64-msvc 645ms (cache miss)
991 silly packumentCache full:https://registry.npmjs.org/@rolldown%2fbinding-win32-x64-msvc set size:undefined disposed:false
992 silly fetch manifest @rolldown/binding-linux-arm-gnueabihf@1.2.9
993 silly packumentCache full:https://registry.npmjs.org/@rolldown%2fbinding-linux-arm-gnueabihf cache-miss
994 http fetch GET 200 https://registry.npmjs.org/@rolldown%2fbinding-android-arm-eabi 570ms (cache miss)
995 silly packumentCache full:https://registry.npmjs.org/@rolldown%2fbinding-android-arm-eabi set size:undefined disposed:false
996 http fetch GET 200 https://registry.npmjs.org/@rolldown%2fbinding-linux-s390x-gnu 605ms (cache miss)
997 silly packumentCache full:https://registry.npmjs.org/@rolldown%2fbinding-linux-s390x-gnu set size:undefined disposed:false
998 http fetch GET 200 https://registry.npmjs.org/@rolldown%2fbinding-linux-arm64-musl 564ms (cache miss)
999 silly packumentCache full:https://registry.npmjs.org/@rolldown%2fbinding-linux-arm64-musl set size:undefined disposed:false
1000 http fetch GET 200 https://registry.npmjs.org/@rolldown%2fbinding-darwin-x64 809ms (cache miss)
1001 silly packumentCache full:https://registry.npmjs.org/@rolldown%2fbinding-darwin-x64 set size:undefined disposed:false
1002 http fetch GET 200 https://registry.npmjs.org/@rolldown%2fbinding-win32-arm64-msvc 109ms (cache miss)
1003 silly packumentCache full:https://registry.npmjs.org/@rolldown%2fbinding-win32-arm64-msvc set size:undefined disposed:false
1004 http fetch GET 200 https://registry.npmjs.org/@rolldown%2fbinding-openharmony-arm64 109ms (cache miss)
1005 silly packumentCache full:https://registry.npmjs.org/@rolldown%2fbinding-openharmony-arm64 set size:undefined disposed:false
1006 http fetch GET 200 https://registry.npmjs.org/@rolldown%2fbinding-linux-arm-gnueabihf 125ms (cache miss)
1007 silly packumentCache full:https://registry.npmjs.org/@rolldown%2fbinding-linux-arm-gnueabihf set size:undefined disposed:false
1008 silly placeDep ROOT nanoid@3.3.19 OK for: postcss@8.5.28 want: ^3.3.18
1009 silly placeDep ROOT @oxc-project/types@0.150.0 OK for: rolldown@1.2.9 want: =0.150.0
1010 silly placeDep ROOT @rolldown/binding-android-arm-eabi@1.2.9 OK for: rolldown@1.2.9 want: 1.2.9
1011 silly placeDep ROOT @rolldown/binding-android-arm64@1.2.9 OK for: rolldown@1.2.9 want: 1.2.9
1012 silly placeDep ROOT @rolldown/binding-darwin-arm64@1.2.9 OK for: rolldown@1.2.9 want: 1.2.9
1013 silly placeDep ROOT @rolldown/binding-darwin-x64@1.2.9 OK for: rolldown@1.2.9 want: 1.2.9
1014 silly placeDep ROOT @rolldown/binding-freebsd-x64@1.2.9 OK for: rolldown@1.2.9 want: 1.2.9
1015 silly placeDep ROOT @rolldown/binding-linux-arm-gnueabihf@1.2.9 OK for: rolldown@1.2.9 want: 1.2.9
1016 silly placeDep ROOT @rolldown/binding-linux-arm64-gnu@1.2.9 OK for: rolldown@1.2.9 want: 1.2.9
1017 silly placeDep ROOT @rolldown/binding-linux-arm64-musl@1.2.9 OK for: rolldown@1.2.9 want: 1.2.9
1018 silly placeDep ROOT @rolldown/binding-linux-ppc64-gnu@1.2.9 OK for: rolldown@1.2.9 want: 1.2.9
1019 silly placeDep ROOT @rolldown/binding-linux-s390x-gnu@1.2.9 OK for: rolldown@1.2.9 want: 1.2.9
1020 silly placeDep ROOT @rolldown/binding-linux-x64-gnu@1.2.9 OK for: rolldown@1.2.9 want: 1.2.9
1021 silly placeDep ROOT @rolldown/binding-linux-x64-musl@1.2.9 OK for: rolldown@1.2.9 want: 1.2.9
1022 silly placeDep ROOT @rolldown/binding-openharmony-arm64@1.2.9 OK for: rolldown@1.2.9 want: 1.2.9
1023 silly placeDep ROOT @rolldown/binding-win32-arm64-msvc@1.2.9 OK for: rolldown@1.2.9 want: 1.2.9
1024 silly placeDep ROOT @rolldown/binding-win32-x64-msvc@1.2.9 OK for: rolldown@1.2.9 want: 1.2.9
1025 silly placeDep node_modules/rolldown @rolldown/pluginutils@1.0.1 OK for: rolldown@1.2.9 want: ^1.0.0
1026 silly placeDep node_modules/vite lightningcss-android-arm64@1.33.0 OK for: lightningcss@1.33.0 want: 1.33.0
1027 silly placeDep node_modules/vite lightningcss-darwin-arm64@1.33.0 OK for: lightningcss@1.33.0 want: 1.33.0
1028 silly placeDep node_modules/vite lightningcss-darwin-x64@1.33.0 OK for: lightningcss@1.33.0 want: 1.33.0
1029 silly placeDep node_modules/vite lightningcss-freebsd-x64@1.33.0 OK for: lightningcss@1.33.0 want: 1.33.0
1030 silly placeDep node_modules/vite lightningcss-linux-arm-gnueabihf@1.33.0 OK for: lightningcss@1.33.0 want: 1.33.0
1031 silly placeDep node_modules/vite lightningcss-linux-arm64-gnu@1.33.0 OK for: lightningcss@1.33.0 want: 1.33.0
1032 silly placeDep node_modules/vite lightningcss-linux-arm64-musl@1.33.0 OK for: lightningcss@1.33.0 want: 1.33.0
1033 silly placeDep node_modules/vite lightningcss-linux-x64-gnu@1.33.0 OK for: lightningcss@1.33.0 want: 1.33.0
1034 silly placeDep node_modules/vite lightningcss-linux-x64-musl@1.33.0 OK for: lightningcss@1.33.0 want: 1.33.0
1035 silly placeDep node_modules/vite lightningcss-win32-arm64-msvc@1.33.0 OK for: lightningcss@1.33.0 want: 1.33.0
1036 silly placeDep node_modules/vite lightningcss-win32-x64-msvc@1.33.0 OK for: lightningcss@1.33.0 want: 1.33.0
1037 silly reify moves {}
1038 silly audit bulk request {
1038 silly audit   '@tailwindcss/vite': [ '4.3.3' ],
1038 silly audit   vite: [ '8.3.0' ],
1038 silly audit   '@tanstack/react-router': [ '1.170.38' ],
1038 silly audit   react: [ '19.3.0' ],
1038 silly audit   'react-dom': [ '19.3.0' ],
1038 silly audit   '@tanstack/router-plugin': [ '1.168.40' ],
1038 silly audit   '@types/react': [ '19.3.0' ],
1038 silly audit   '@types/react-dom': [ '19.3.0' ],
1038 silly audit   '@vitejs/plugin-react': [ '5.2.0' ],
1038 silly audit   tailwindcss: [ '4.3.3' ],
1038 silly audit   typescript: [ '5.9.3' ],
1038 silly audit   '@tailwindcss/node': [ '4.3.3' ],
1038 silly audit   '@tailwindcss/oxide': [ '4.3.3' ],
1038 silly audit   '@jridgewell/remapping': [ '2.3.5' ],
1038 silly audit   'enhanced-resolve': [ '5.25.1' ],
1038 silly audit   jiti: [ '2.7.0' ],
1038 silly audit   lightningcss: [ '1.32.0', '1.33.0' ],
1038 silly audit   'magic-string': [ '0.30.21' ],
1038 silly audit   'source-map-js': [ '1.2.1' ],
1038 silly audit   '@jridgewell/gen-mapping': [ '0.3.13' ],
1038 silly audit   '@jridgewell/trace-mapping': [ '0.3.31' ],
1038 silly audit   '@jridgewell/sourcemap-codec': [ '1.6.0' ],
1038 silly audit   '@jridgewell/resolve-uri': [ '3.1.2' ],
1038 silly audit   '@tailwindcss/oxide-android-arm64': [ '4.3.3' ],
1038 silly audit   '@tailwindcss/oxide-darwin-arm64': [ '4.3.3' ],
1038 silly audit   '@tailwindcss/oxide-darwin-x64': [ '4.3.3' ],
1038 silly audit   '@tailwindcss/oxide-freebsd-x64': [ '4.3.3' ],
1038 silly audit   '@tailwindcss/oxide-linux-arm-gnueabihf': [ '4.3.3' ],
1038 silly audit   '@tailwindcss/oxide-linux-arm64-gnu': [ '4.3.3' ],
1038 silly audit   '@tailwindcss/oxide-linux-arm64-musl': [ '4.3.3' ],
1038 silly audit   '@tailwindcss/oxide-linux-x64-gnu': [ '4.3.3' ],
1038 silly audit   '@tailwindcss/oxide-linux-x64-musl': [ '4.3.3' ],
1038 silly audit   '@tailwindcss/oxide-wasm32-wasi': [ '4.3.3' ],
1038 silly audit   '@tailwindcss/oxide-win32-arm64-msvc': [ '4.3.3' ],
1038 silly audit   '@tailwindcss/oxide-win32-x64-msvc': [ '4.3.3' ],
1038 silly audit   '@tanstack/history': [ '1.162.4' ],
1038 silly audit   '@tanstack/react-store': [ '0.11.1' ],
1038 silly audit   '@tanstack/router-core': [ '1.171.32' ],
1038 silly audit   isbot: [ '5.2.2' ],
1038 silly audit   '@tanstack/store': [ '0.11.1' ],
1038 silly audit   'use-sync-external-store': [ '1.7.0' ],
1038 silly audit   'cookie-es': [ '3.1.1' ],
1038 silly audit   seroval: [ '1.6.7' ],
1038 silly audit   'seroval-plugins': [ '1.6.7' ],
1038 silly audit   '@babel/core': [ '7.29.7' ],
1038 silly audit   '@babel/template': [ '7.29.7' ],
1038 silly audit   '@babel/types': [ '7.29.8' ],
1038 silly audit   '@tanstack/router-generator': [ '1.167.38' ],
1038 silly audit   '@tanstack/router-utils': [ '1.162.3' ],
1038 silly audit   chokidar: [ '5.0.0' ],
1038 silly audit   unplugin: [ '3.4.0' ],
1038 silly audit   zod: [ '4.6.5' ],
1038 silly audit   '@babel/code-frame': [ '7.29.7' ],
1038 silly audit   '@babel/generator': [ '7.29.8' ],
1038 silly audit   '@babel/helper-compilation-targets': [ '7.29.7' ],
1038 silly audit   '@babel/helper-module-transforms': [ '7.29.7' ],
1038 silly audit   '@babel/helpers': [ '7.29.7' ],
1038 silly audit   '@babel/parser': [ '7.29.9' ],
1038 silly audit   '@babel/traverse': [ '7.29.8' ],
1038 silly audit   'convert-source-map': [ '2.0.0' ],
1038 silly audit   debug: [ '4.4.3' ],
1038 silly audit   gensync: [ '1.0.0-beta.2' ],
1038 silly audit   json5: [ '2.2.3' ],
1038 silly audit   semver: [ '6.3.1' ],
1038 silly audit   '@babel/helper-validator-identifier': [ '7.29.7' ],
1038 silly audit   'js-tokens': [ '4.0.0' ],
1038 silly audit   picocolors: [ '1.1.1' ],
1038 silly audit   jsesc: [ '3.1.0' ],
1038 silly audit   '@babel/compat-data': [ '7.29.7' ],
1038 silly audit   '@babel/helper-validator-option': [ '7.29.7' ],
1038 silly audit   browserslist: [ '4.29.0' ],
1038 silly audit   'lru-cache': [ '5.1.1' ],
1038 silly audit   '@babel/helper-module-imports': [ '7.29.7' ],
1038 silly audit   '@babel/helper-globals': [ '7.29.7' ],
1038 silly audit   '@babel/helper-string-parser': [ '7.29.7' ],
1038 silly audit   '@tanstack/virtual-file-routes': [ '1.162.0' ],
1038 silly audit   prettier: [ '3.9.8' ],
1038 silly audit   ansis: [ '4.4.0' ],
1038 silly audit   'babel-dead-code-elimination': [ '1.0.12' ],
1038 silly audit   diff: [ '8.0.4' ],
1038 silly audit   pathe: [ '2.0.3' ],
1038 silly audit   tinyglobby: [ '0.2.17' ],
1038 silly audit   csstype: [ '3.2.3' ],
1038 silly audit   '@babel/plugin-transform-react-jsx-self': [ '7.29.7' ],
1038 silly audit   '@babel/plugin-transform-react-jsx-source': [ '7.29.7' ],
1038 silly audit   '@rolldown/pluginutils': [ '1.0.0-rc.3', '1.0.1' ],
1038 silly audit   '@types/babel__core': [ '7.20.5' ],
1038 silly audit   'react-refresh': [ '0.18.0' ],
1038 silly audit   '@babel/helper-plugin-utils': [ '7.29.7' ],
1038 silly audit   '@types/babel__generator': [ '7.27.0' ],
1038 silly audit   '@types/babel__template': [ '7.4.4' ],
1038 silly audit   '@types/babel__traverse': [ '7.28.0' ],
1038 silly audit   'baseline-browser-mapping': [ '2.11.25' ],
1038 silly audit   'caniuse-lite': [ '1.0.30001810' ],
1038 silly audit   'electron-to-chromium': [ '1.5.433' ],
1038 silly audit   'node-releases': [ '2.0.56' ],
1038 silly audit   'update-browserslist-db': [ '1.3.3' ],
1038 silly audit   readdirp: [ '5.1.1' ],
1038 silly audit   ms: [ '2.1.3' ],
1038 silly audit   'graceful-fs': [ '4.2.11' ],
1038 silly audit   tapable: [ '2.3.3' ],
1038 silly audit   'detect-libc': [ '2.1.2' ],
1038 silly audit   'lightningcss-android-arm64': [ '1.32.0', '1.33.0' ],
1038 silly audit   'lightningcss-darwin-arm64': [ '1.32.0', '1.33.0' ],
1038 silly audit   'lightningcss-darwin-x64': [ '1.32.0', '1.33.0' ],
1038 silly audit   'lightningcss-freebsd-x64': [ '1.32.0', '1.33.0' ],
1038 silly audit   'lightningcss-linux-arm-gnueabihf': [ '1.32.0', '1.33.0' ],
1038 silly audit   'lightningcss-linux-arm64-gnu': [ '1.32.0', '1.33.0' ],
1038 silly audit   'lightningcss-linux-arm64-musl': [ '1.32.0', '1.33.0' ],
1038 silly audit   'lightningcss-linux-x64-gnu': [ '1.32.0', '1.33.0' ],
1038 silly audit   'lightningcss-linux-x64-musl': [ '1.32.0', '1.33.0' ],
1038 silly audit   'lightningcss-win32-arm64-msvc': [ '1.32.0', '1.33.0' ],
1038 silly audit   'lightningcss-win32-x64-msvc': [ '1.32.0', '1.33.0' ],
1038 silly audit   yallist: [ '3.1.1' ],
1038 silly audit   scheduler: [ '0.28.0' ],
1038 silly audit   fdir: [ '6.5.0' ],
1038 silly audit   picomatch: [ '4.0.7' ],
1038 silly audit   'webpack-virtual-modules': [ '0.6.2' ],
1038 silly audit   escalade: [ '3.2.0' ],
1038 silly audit   fsevents: [ '2.3.3' ],
1038 silly audit   postcss: [ '8.5.28' ],
1038 silly audit   rolldown: [ '1.2.9' ],
1038 silly audit   nanoid: [ '3.3.19' ],
1038 silly audit   '@oxc-project/types': [ '0.150.0' ],
1038 silly audit   '@rolldown/binding-android-arm-eabi': [ '1.2.9' ],
1038 silly audit   '@rolldown/binding-android-arm64': [ '1.2.9' ],
1038 silly audit   '@rolldown/binding-darwin-arm64': [ '1.2.9' ],
1038 silly audit   '@rolldown/binding-darwin-x64': [ '1.2.9' ],
1038 silly audit   '@rolldown/binding-freebsd-x64': [ '1.2.9' ],
1038 silly audit   '@rolldown/binding-linux-arm-gnueabihf': [ '1.2.9' ],
1038 silly audit   '@rolldown/binding-linux-arm64-gnu': [ '1.2.9' ],
1038 silly audit   '@rolldown/binding-linux-arm64-musl': [ '1.2.9' ],
1038 silly audit   '@rolldown/binding-linux-ppc64-gnu': [ '1.2.9' ],
1038 silly audit   '@rolldown/binding-linux-s390x-gnu': [ '1.2.9' ],
1038 silly audit   '@rolldown/binding-linux-x64-gnu': [ '1.2.9' ],
1038 silly audit   '@rolldown/binding-linux-x64-musl': [ '1.2.9' ],
1038 silly audit   '@rolldown/binding-openharmony-arm64': [ '1.2.9' ],
1038 silly audit   '@rolldown/binding-win32-arm64-msvc': [ '1.2.9' ],
1038 silly audit   '@rolldown/binding-win32-x64-msvc': [ '1.2.9' ]
1038 silly audit }
1039 http cache @oxc-project/types@https://registry.npmjs.org/@oxc-project/types/-/types-0.150.0.tgz 0ms (cache hit)
1040 http cache @rolldown/binding-linux-x64-gnu@https://registry.npmjs.org/@rolldown/binding-linux-x64-gnu/-/binding-linux-x64-gnu-1.2.9.tgz 0ms (cache hit)
1041 http cache rolldown@https://registry.npmjs.org/rolldown/-/rolldown-1.2.9.tgz 0ms (cache hit)
1042 http cache postcss@https://registry.npmjs.org/postcss/-/postcss-8.5.28.tgz 0ms (cache hit)
1043 http cache escalade@https://registry.npmjs.org/escalade/-/escalade-3.2.0.tgz 0ms (cache hit)
1044 http cache nanoid@https://registry.npmjs.org/nanoid/-/nanoid-3.3.19.tgz 0ms (cache hit)
1045 http cache webpack-virtual-modules@https://registry.npmjs.org/webpack-virtual-modules/-/webpack-virtual-modules-0.6.2.tgz 0ms (cache hit)
1046 http cache fdir@https://registry.npmjs.org/fdir/-/fdir-6.5.0.tgz 0ms (cache hit)
1047 http cache scheduler@https://registry.npmjs.org/scheduler/-/scheduler-0.28.0.tgz 0ms (cache hit)
1048 http cache picomatch@https://registry.npmjs.org/picomatch/-/picomatch-4.0.7.tgz 0ms (cache hit)
1049 http cache yallist@https://registry.npmjs.org/yallist/-/yallist-3.1.1.tgz 0ms (cache hit)
1050 http cache lightningcss-linux-x64-gnu@https://registry.npmjs.org/lightningcss-linux-x64-gnu/-/lightningcss-linux-x64-gnu-1.32.0.tgz 0ms (cache hit)
1051 http cache detect-libc@https://registry.npmjs.org/detect-libc/-/detect-libc-2.1.2.tgz 0ms (cache hit)
1052 http cache tapable@https://registry.npmjs.org/tapable/-/tapable-2.3.3.tgz 0ms (cache hit)
1053 http cache graceful-fs@https://registry.npmjs.org/graceful-fs/-/graceful-fs-4.2.11.tgz 0ms (cache hit)
1054 http cache ms@https://registry.npmjs.org/ms/-/ms-2.1.3.tgz 0ms (cache hit)
1055 http cache readdirp@https://registry.npmjs.org/readdirp/-/readdirp-5.1.1.tgz 0ms (cache hit)
1056 http cache update-browserslist-db@https://registry.npmjs.org/update-browserslist-db/-/update-browserslist-db-1.3.3.tgz 0ms (cache hit)
1057 http cache node-releases@https://registry.npmjs.org/node-releases/-/node-releases-2.0.56.tgz 0ms (cache hit)
1058 http cache electron-to-chromium@https://registry.npmjs.org/electron-to-chromium/-/electron-to-chromium-1.5.433.tgz 0ms (cache hit)
1059 http cache baseline-browser-mapping@https://registry.npmjs.org/baseline-browser-mapping/-/baseline-browser-mapping-2.11.25.tgz 0ms (cache hit)
1060 http cache @types/babel__traverse@https://registry.npmjs.org/@types/babel__traverse/-/babel__traverse-7.28.0.tgz 0ms (cache hit)
1061 http cache @types/babel__template@https://registry.npmjs.org/@types/babel__template/-/babel__template-7.4.4.tgz 0ms (cache hit)
1062 http cache @types/babel__generator@https://registry.npmjs.org/@types/babel__generator/-/babel__generator-7.27.0.tgz 0ms (cache hit)
1063 http cache @babel/helper-plugin-utils@https://registry.npmjs.org/@babel/helper-plugin-utils/-/helper-plugin-utils-7.29.7.tgz 0ms (cache hit)
1064 http cache react-refresh@https://registry.npmjs.org/react-refresh/-/react-refresh-0.18.0.tgz 0ms (cache hit)
1065 http cache @types/babel__core@https://registry.npmjs.org/@types/babel__core/-/babel__core-7.20.5.tgz 0ms (cache hit)
1066 http cache @rolldown/pluginutils@https://registry.npmjs.org/@rolldown/pluginutils/-/pluginutils-1.0.0-rc.3.tgz 0ms (cache hit)
1067 http cache @babel/plugin-transform-react-jsx-source@https://registry.npmjs.org/@babel/plugin-transform-react-jsx-source/-/plugin-transform-react-jsx-source-7.29.7.tgz 0ms (cache hit)
1068 http cache @babel/plugin-transform-react-jsx-self@https://registry.npmjs.org/@babel/plugin-transform-react-jsx-self/-/plugin-transform-react-jsx-self-7.29.7.tgz 0ms (cache hit)
1069 http cache csstype@https://registry.npmjs.org/csstype/-/csstype-3.2.3.tgz 0ms (cache hit)
1070 http cache tinyglobby@https://registry.npmjs.org/tinyglobby/-/tinyglobby-0.2.17.tgz 0ms (cache hit)
1071 http cache pathe@https://registry.npmjs.org/pathe/-/pathe-2.0.3.tgz 0ms (cache hit)
1072 http cache diff@https://registry.npmjs.org/diff/-/diff-8.0.4.tgz 0ms (cache hit)
1073 http cache babel-dead-code-elimination@https://registry.npmjs.org/babel-dead-code-elimination/-/babel-dead-code-elimination-1.0.12.tgz 0ms (cache hit)
1074 http cache ansis@https://registry.npmjs.org/ansis/-/ansis-4.4.0.tgz 0ms (cache hit)
1075 http cache prettier@https://registry.npmjs.org/prettier/-/prettier-3.9.8.tgz 0ms (cache hit)
1076 http cache @tanstack/virtual-file-routes@https://registry.npmjs.org/@tanstack/virtual-file-routes/-/virtual-file-routes-1.162.0.tgz 0ms (cache hit)
1077 http cache @babel/helper-string-parser@https://registry.npmjs.org/@babel/helper-string-parser/-/helper-string-parser-7.29.7.tgz 0ms (cache hit)
1078 http cache @babel/helper-globals@https://registry.npmjs.org/@babel/helper-globals/-/helper-globals-7.29.7.tgz 0ms (cache hit)
1079 http cache @babel/helper-module-imports@https://registry.npmjs.org/@babel/helper-module-imports/-/helper-module-imports-7.29.7.tgz 0ms (cache hit)
1080 http cache lru-cache@https://registry.npmjs.org/lru-cache/-/lru-cache-5.1.1.tgz 0ms (cache hit)
1081 http cache browserslist@https://registry.npmjs.org/browserslist/-/browserslist-4.29.0.tgz 0ms (cache hit)
1082 http cache @babel/helper-validator-option@https://registry.npmjs.org/@babel/helper-validator-option/-/helper-validator-option-7.29.7.tgz 0ms (cache hit)
1083 http cache @babel/compat-data@https://registry.npmjs.org/@babel/compat-data/-/compat-data-7.29.7.tgz 0ms (cache hit)
1084 http cache jsesc@https://registry.npmjs.org/jsesc/-/jsesc-3.1.0.tgz 0ms (cache hit)
1085 http cache picocolors@https://registry.npmjs.org/picocolors/-/picocolors-1.1.1.tgz 0ms (cache hit)
1086 http cache js-tokens@https://registry.npmjs.org/js-tokens/-/js-tokens-4.0.0.tgz 0ms (cache hit)
1087 http cache @babel/helper-validator-identifier@https://registry.npmjs.org/@babel/helper-validator-identifier/-/helper-validator-identifier-7.29.7.tgz 0ms (cache hit)
1088 http cache semver@https://registry.npmjs.org/semver/-/semver-6.3.1.tgz 0ms (cache hit)
1089 http cache json5@https://registry.npmjs.org/json5/-/json5-2.2.3.tgz 0ms (cache hit)
1090 http cache gensync@https://registry.npmjs.org/gensync/-/gensync-1.0.0-beta.2.tgz 0ms (cache hit)
1091 http cache debug@https://registry.npmjs.org/debug/-/debug-4.4.3.tgz 0ms (cache hit)
1092 http cache convert-source-map@https://registry.npmjs.org/convert-source-map/-/convert-source-map-2.0.0.tgz 0ms (cache hit)
1093 http cache @babel/traverse@https://registry.npmjs.org/@babel/traverse/-/traverse-7.29.8.tgz 0ms (cache hit)
1094 http cache @babel/parser@https://registry.npmjs.org/@babel/parser/-/parser-7.29.9.tgz 0ms (cache hit)
1095 http cache @babel/helpers@https://registry.npmjs.org/@babel/helpers/-/helpers-7.29.7.tgz 0ms (cache hit)
1096 http cache @babel/helper-module-transforms@https://registry.npmjs.org/@babel/helper-module-transforms/-/helper-module-transforms-7.29.7.tgz 0ms (cache hit)
1097 http cache @babel/helper-compilation-targets@https://registry.npmjs.org/@babel/helper-compilation-targets/-/helper-compilation-targets-7.29.7.tgz 0ms (cache hit)
1098 http cache @babel/generator@https://registry.npmjs.org/@babel/generator/-/generator-7.29.8.tgz 0ms (cache hit)
1099 http cache @babel/code-frame@https://registry.npmjs.org/@babel/code-frame/-/code-frame-7.29.7.tgz 0ms (cache hit)
1100 http cache zod@https://registry.npmjs.org/zod/-/zod-4.6.5.tgz 0ms (cache hit)
1101 http cache unplugin@https://registry.npmjs.org/unplugin/-/unplugin-3.4.0.tgz 0ms (cache hit)
1102 http cache chokidar@https://registry.npmjs.org/chokidar/-/chokidar-5.0.0.tgz 0ms (cache hit)
1103 http cache @tanstack/router-utils@https://registry.npmjs.org/@tanstack/router-utils/-/router-utils-1.162.3.tgz 0ms (cache hit)
1104 http cache @tanstack/router-generator@https://registry.npmjs.org/@tanstack/router-generator/-/router-generator-1.167.38.tgz 0ms (cache hit)
1105 http cache @babel/types@https://registry.npmjs.org/@babel/types/-/types-7.29.8.tgz 0ms (cache hit)
1106 http cache @babel/template@https://registry.npmjs.org/@babel/template/-/template-7.29.7.tgz 0ms (cache hit)
1107 http cache @babel/core@https://registry.npmjs.org/@babel/core/-/core-7.29.7.tgz 0ms (cache hit)
1108 http cache seroval-plugins@https://registry.npmjs.org/seroval-plugins/-/seroval-plugins-1.6.7.tgz 0ms (cache hit)
1109 http cache seroval@https://registry.npmjs.org/seroval/-/seroval-1.6.7.tgz 0ms (cache hit)
1110 http cache cookie-es@https://registry.npmjs.org/cookie-es/-/cookie-es-3.1.1.tgz 0ms (cache hit)
1111 http cache use-sync-external-store@https://registry.npmjs.org/use-sync-external-store/-/use-sync-external-store-1.7.0.tgz 0ms (cache hit)
1112 http cache @tanstack/store@https://registry.npmjs.org/@tanstack/store/-/store-0.11.1.tgz 0ms (cache hit)
1113 http cache caniuse-lite@https://registry.npmjs.org/caniuse-lite/-/caniuse-lite-1.0.30001810.tgz 0ms (cache hit)
1114 http cache isbot@https://registry.npmjs.org/isbot/-/isbot-5.2.2.tgz 0ms (cache hit)
1115 http cache @tanstack/router-core@https://registry.npmjs.org/@tanstack/router-core/-/router-core-1.171.32.tgz 0ms (cache hit)
1116 http cache @tanstack/history@https://registry.npmjs.org/@tanstack/history/-/history-1.162.4.tgz 0ms (cache hit)
1117 http cache @tailwindcss/oxide-linux-x64-gnu@https://registry.npmjs.org/@tailwindcss/oxide-linux-x64-gnu/-/oxide-linux-x64-gnu-4.3.3.tgz 0ms (cache hit)
1118 http cache @tanstack/react-store@https://registry.npmjs.org/@tanstack/react-store/-/react-store-0.11.1.tgz 0ms (cache hit)
1119 http cache @jridgewell/resolve-uri@https://registry.npmjs.org/@jridgewell/resolve-uri/-/resolve-uri-3.1.2.tgz 0ms (cache hit)
1120 http cache @jridgewell/sourcemap-codec@https://registry.npmjs.org/@jridgewell/sourcemap-codec/-/sourcemap-codec-1.6.0.tgz 0ms (cache hit)
1121 http cache @jridgewell/trace-mapping@https://registry.npmjs.org/@jridgewell/trace-mapping/-/trace-mapping-0.3.31.tgz 0ms (cache hit)
1122 http cache @jridgewell/gen-mapping@https://registry.npmjs.org/@jridgewell/gen-mapping/-/gen-mapping-0.3.13.tgz 0ms (cache hit)
1123 http cache source-map-js@https://registry.npmjs.org/source-map-js/-/source-map-js-1.2.1.tgz 0ms (cache hit)
1124 http cache magic-string@https://registry.npmjs.org/magic-string/-/magic-string-0.30.21.tgz 0ms (cache hit)
1125 http cache lightningcss@https://registry.npmjs.org/lightningcss/-/lightningcss-1.32.0.tgz 0ms (cache hit)
1126 http cache jiti@https://registry.npmjs.org/jiti/-/jiti-2.7.0.tgz 0ms (cache hit)
1127 http cache enhanced-resolve@https://registry.npmjs.org/enhanced-resolve/-/enhanced-resolve-5.25.1.tgz 0ms (cache hit)
1128 http cache @tailwindcss/oxide@https://registry.npmjs.org/@tailwindcss/oxide/-/oxide-4.3.3.tgz 0ms (cache hit)
1129 http cache @tailwindcss/node@https://registry.npmjs.org/@tailwindcss/node/-/node-4.3.3.tgz 1ms (cache hit)
1130 http cache typescript@https://registry.npmjs.org/typescript/-/typescript-5.9.3.tgz 0ms (cache hit)
1131 http cache @jridgewell/remapping@https://registry.npmjs.org/@jridgewell/remapping/-/remapping-2.3.5.tgz 0ms (cache hit)
1132 http cache tailwindcss@https://registry.npmjs.org/tailwindcss/-/tailwindcss-4.3.3.tgz 0ms (cache hit)
1133 http cache @vitejs/plugin-react@https://registry.npmjs.org/@vitejs/plugin-react/-/plugin-react-5.2.0.tgz 0ms (cache hit)
1134 http cache @types/react-dom@https://registry.npmjs.org/@types/react-dom/-/react-dom-19.3.0.tgz 0ms (cache hit)
1135 http cache @types/react@https://registry.npmjs.org/@types/react/-/react-19.3.0.tgz 0ms (cache hit)
1136 http cache @tanstack/router-plugin@https://registry.npmjs.org/@tanstack/router-plugin/-/router-plugin-1.168.40.tgz 0ms (cache hit)
1137 http cache react-dom@https://registry.npmjs.org/react-dom/-/react-dom-19.3.0.tgz 0ms (cache hit)
1138 http cache react@https://registry.npmjs.org/react/-/react-19.3.0.tgz 0ms (cache hit)
1139 http cache @tanstack/react-router@https://registry.npmjs.org/@tanstack/react-router/-/react-router-1.170.38.tgz 0ms (cache hit)
1140 http cache vite@https://registry.npmjs.org/vite/-/vite-8.3.0.tgz 0ms (cache hit)
1141 http cache @tailwindcss/vite@https://registry.npmjs.org/@tailwindcss/vite/-/vite-4.3.3.tgz 0ms (cache hit)
1142 http cache @rolldown/pluginutils@https://registry.npmjs.org/@rolldown/pluginutils/-/pluginutils-1.0.1.tgz 0ms (cache hit)
1143 http cache lightningcss-linux-x64-gnu@https://registry.npmjs.org/lightningcss-linux-x64-gnu/-/lightningcss-linux-x64-gnu-1.33.0.tgz 0ms (cache hit)
1144 http cache lightningcss@https://registry.npmjs.org/lightningcss/-/lightningcss-1.33.0.tgz 0ms (cache hit)
1145 silly tarball no local data for @oxc-project/types@https://registry.npmjs.org/@oxc-project/types/-/types-0.150.0.tgz. Extracting by manifest.
1146 silly tarball no local data for @rolldown/binding-linux-x64-gnu@https://registry.npmjs.org/@rolldown/binding-linux-x64-gnu/-/binding-linux-x64-gnu-1.2.9.tgz. Extracting by manifest.
1147 silly tarball no local data for rolldown@https://registry.npmjs.org/rolldown/-/rolldown-1.2.9.tgz. Extracting by manifest.
1148 silly tarball no local data for postcss@https://registry.npmjs.org/postcss/-/postcss-8.5.28.tgz. Extracting by manifest.
1149 silly tarball no local data for escalade@https://registry.npmjs.org/escalade/-/escalade-3.2.0.tgz. Extracting by manifest.
1150 silly tarball no local data for nanoid@https://registry.npmjs.org/nanoid/-/nanoid-3.3.19.tgz. Extracting by manifest.
1151 silly tarball no local data for webpack-virtual-modules@https://registry.npmjs.org/webpack-virtual-modules/-/webpack-virtual-modules-0.6.2.tgz. Extracting by manifest.
1152 silly tarball no local data for fdir@https://registry.npmjs.org/fdir/-/fdir-6.5.0.tgz. Extracting by manifest.
1153 silly tarball no local data for scheduler@https://registry.npmjs.org/scheduler/-/scheduler-0.28.0.tgz. Extracting by manifest.
1154 silly tarball no local data for picomatch@https://registry.npmjs.org/picomatch/-/picomatch-4.0.7.tgz. Extracting by manifest.
1155 silly tarball no local data for yallist@https://registry.npmjs.org/yallist/-/yallist-3.1.1.tgz. Extracting by manifest.
1156 silly tarball no local data for lightningcss-linux-x64-gnu@https://registry.npmjs.org/lightningcss-linux-x64-gnu/-/lightningcss-linux-x64-gnu-1.32.0.tgz. Extracting by manifest.
1157 silly tarball no local data for detect-libc@https://registry.npmjs.org/detect-libc/-/detect-libc-2.1.2.tgz. Extracting by manifest.
1158 silly tarball no local data for tapable@https://registry.npmjs.org/tapable/-/tapable-2.3.3.tgz. Extracting by manifest.
1159 silly tarball no local data for graceful-fs@https://registry.npmjs.org/graceful-fs/-/graceful-fs-4.2.11.tgz. Extracting by manifest.
1160 silly tarball no local data for ms@https://registry.npmjs.org/ms/-/ms-2.1.3.tgz. Extracting by manifest.
1161 silly tarball no local data for readdirp@https://registry.npmjs.org/readdirp/-/readdirp-5.1.1.tgz. Extracting by manifest.
1162 silly tarball no local data for update-browserslist-db@https://registry.npmjs.org/update-browserslist-db/-/update-browserslist-db-1.3.3.tgz. Extracting by manifest.
1163 silly tarball no local data for node-releases@https://registry.npmjs.org/node-releases/-/node-releases-2.0.56.tgz. Extracting by manifest.
1164 silly tarball no local data for electron-to-chromium@https://registry.npmjs.org/electron-to-chromium/-/electron-to-chromium-1.5.433.tgz. Extracting by manifest.
1165 silly tarball no local data for baseline-browser-mapping@https://registry.npmjs.org/baseline-browser-mapping/-/baseline-browser-mapping-2.11.25.tgz. Extracting by manifest.
1166 silly tarball no local data for @types/babel__traverse@https://registry.npmjs.org/@types/babel__traverse/-/babel__traverse-7.28.0.tgz. Extracting by manifest.
1167 silly tarball no local data for @types/babel__template@https://registry.npmjs.org/@types/babel__template/-/babel__template-7.4.4.tgz. Extracting by manifest.
1168 silly tarball no local data for @types/babel__generator@https://registry.npmjs.org/@types/babel__generator/-/babel__generator-7.27.0.tgz. Extracting by manifest.
1169 silly tarball no local data for @babel/helper-plugin-utils@https://registry.npmjs.org/@babel/helper-plugin-utils/-/helper-plugin-utils-7.29.7.tgz. Extracting by manifest.
1170 silly tarball no local data for react-refresh@https://registry.npmjs.org/react-refresh/-/react-refresh-0.18.0.tgz. Extracting by manifest.
1171 silly tarball no local data for @types/babel__core@https://registry.npmjs.org/@types/babel__core/-/babel__core-7.20.5.tgz. Extracting by manifest.
1172 silly tarball no local data for @rolldown/pluginutils@https://registry.npmjs.org/@rolldown/pluginutils/-/pluginutils-1.0.0-rc.3.tgz. Extracting by manifest.
1173 silly tarball no local data for @babel/plugin-transform-react-jsx-source@https://registry.npmjs.org/@babel/plugin-transform-react-jsx-source/-/plugin-transform-react-jsx-source-7.29.7.tgz. Extracting by manifest.
1174 silly tarball no local data for @babel/plugin-transform-react-jsx-self@https://registry.npmjs.org/@babel/plugin-transform-react-jsx-self/-/plugin-transform-react-jsx-self-7.29.7.tgz. Extracting by manifest.
1175 silly tarball no local data for csstype@https://registry.npmjs.org/csstype/-/csstype-3.2.3.tgz. Extracting by manifest.
1176 silly tarball no local data for tinyglobby@https://registry.npmjs.org/tinyglobby/-/tinyglobby-0.2.17.tgz. Extracting by manifest.
1177 silly tarball no local data for pathe@https://registry.npmjs.org/pathe/-/pathe-2.0.3.tgz. Extracting by manifest.
1178 silly tarball no local data for diff@https://registry.npmjs.org/diff/-/diff-8.0.4.tgz. Extracting by manifest.
1179 silly tarball no local data for babel-dead-code-elimination@https://registry.npmjs.org/babel-dead-code-elimination/-/babel-dead-code-elimination-1.0.12.tgz. Extracting by manifest.
1180 silly tarball no local data for prettier@https://registry.npmjs.org/prettier/-/prettier-3.9.8.tgz. Extracting by manifest.
1181 silly tarball no local data for ansis@https://registry.npmjs.org/ansis/-/ansis-4.4.0.tgz. Extracting by manifest.
1182 silly tarball no local data for @tanstack/virtual-file-routes@https://registry.npmjs.org/@tanstack/virtual-file-routes/-/virtual-file-routes-1.162.0.tgz. Extracting by manifest.
1183 silly tarball no local data for @babel/helper-string-parser@https://registry.npmjs.org/@babel/helper-string-parser/-/helper-string-parser-7.29.7.tgz. Extracting by manifest.
1184 silly tarball no local data for @babel/helper-globals@https://registry.npmjs.org/@babel/helper-globals/-/helper-globals-7.29.7.tgz. Extracting by manifest.
1185 silly tarball no local data for @babel/helper-module-imports@https://registry.npmjs.org/@babel/helper-module-imports/-/helper-module-imports-7.29.7.tgz. Extracting by manifest.
1186 silly tarball no local data for lru-cache@https://registry.npmjs.org/lru-cache/-/lru-cache-5.1.1.tgz. Extracting by manifest.
1187 silly tarball no local data for browserslist@https://registry.npmjs.org/browserslist/-/browserslist-4.29.0.tgz. Extracting by manifest.
1188 silly tarball no local data for @babel/helper-validator-option@https://registry.npmjs.org/@babel/helper-validator-option/-/helper-validator-option-7.29.7.tgz. Extracting by manifest.
1189 silly tarball no local data for @babel/compat-data@https://registry.npmjs.org/@babel/compat-data/-/compat-data-7.29.7.tgz. Extracting by manifest.
1190 silly tarball no local data for jsesc@https://registry.npmjs.org/jsesc/-/jsesc-3.1.0.tgz. Extracting by manifest.
1191 silly tarball no local data for picocolors@https://registry.npmjs.org/picocolors/-/picocolors-1.1.1.tgz. Extracting by manifest.
1192 silly tarball no local data for js-tokens@https://registry.npmjs.org/js-tokens/-/js-tokens-4.0.0.tgz. Extracting by manifest.
1193 silly tarball no local data for @babel/helper-validator-identifier@https://registry.npmjs.org/@babel/helper-validator-identifier/-/helper-validator-identifier-7.29.7.tgz. Extracting by manifest.
1194 silly tarball no local data for semver@https://registry.npmjs.org/semver/-/semver-6.3.1.tgz. Extracting by manifest.
1195 silly tarball no local data for json5@https://registry.npmjs.org/json5/-/json5-2.2.3.tgz. Extracting by manifest.
1196 silly tarball no local data for gensync@https://registry.npmjs.org/gensync/-/gensync-1.0.0-beta.2.tgz. Extracting by manifest.
1197 silly tarball no local data for debug@https://registry.npmjs.org/debug/-/debug-4.4.3.tgz. Extracting by manifest.
1198 silly tarball no local data for convert-source-map@https://registry.npmjs.org/convert-source-map/-/convert-source-map-2.0.0.tgz. Extracting by manifest.
1199 silly tarball no local data for @babel/traverse@https://registry.npmjs.org/@babel/traverse/-/traverse-7.29.8.tgz. Extracting by manifest.
1200 silly tarball no local data for @babel/parser@https://registry.npmjs.org/@babel/parser/-/parser-7.29.9.tgz. Extracting by manifest.
1201 silly tarball no local data for @babel/helpers@https://registry.npmjs.org/@babel/helpers/-/helpers-7.29.7.tgz. Extracting by manifest.
1202 silly tarball no local data for @babel/helper-module-transforms@https://registry.npmjs.org/@babel/helper-module-transforms/-/helper-module-transforms-7.29.7.tgz. Extracting by manifest.
1203 silly tarball no local data for @babel/helper-compilation-targets@https://registry.npmjs.org/@babel/helper-compilation-targets/-/helper-compilation-targets-7.29.7.tgz. Extracting by manifest.
1204 silly tarball no local data for @babel/generator@https://registry.npmjs.org/@babel/generator/-/generator-7.29.8.tgz. Extracting by manifest.
1205 silly tarball no local data for @babel/code-frame@https://registry.npmjs.org/@babel/code-frame/-/code-frame-7.29.7.tgz. Extracting by manifest.
1206 silly tarball no local data for zod@https://registry.npmjs.org/zod/-/zod-4.6.5.tgz. Extracting by manifest.
1207 silly tarball no local data for unplugin@https://registry.npmjs.org/unplugin/-/unplugin-3.4.0.tgz. Extracting by manifest.
1208 silly tarball no local data for chokidar@https://registry.npmjs.org/chokidar/-/chokidar-5.0.0.tgz. Extracting by manifest.
1209 silly tarball no local data for @tanstack/router-utils@https://registry.npmjs.org/@tanstack/router-utils/-/router-utils-1.162.3.tgz. Extracting by manifest.
1210 silly tarball no local data for @tanstack/router-generator@https://registry.npmjs.org/@tanstack/router-generator/-/router-generator-1.167.38.tgz. Extracting by manifest.
1211 silly tarball no local data for @babel/types@https://registry.npmjs.org/@babel/types/-/types-7.29.8.tgz. Extracting by manifest.
1212 silly tarball no local data for @babel/template@https://registry.npmjs.org/@babel/template/-/template-7.29.7.tgz. Extracting by manifest.
1213 silly tarball no local data for @babel/core@https://registry.npmjs.org/@babel/core/-/core-7.29.7.tgz. Extracting by manifest.
1214 silly tarball no local data for seroval-plugins@https://registry.npmjs.org/seroval-plugins/-/seroval-plugins-1.6.7.tgz. Extracting by manifest.
1215 silly tarball no local data for seroval@https://registry.npmjs.org/seroval/-/seroval-1.6.7.tgz. Extracting by manifest.
1216 silly tarball no local data for cookie-es@https://registry.npmjs.org/cookie-es/-/cookie-es-3.1.1.tgz. Extracting by manifest.
1217 silly tarball no local data for use-sync-external-store@https://registry.npmjs.org/use-sync-external-store/-/use-sync-external-store-1.7.0.tgz. Extracting by manifest.
1218 silly tarball no local data for @tanstack/store@https://registry.npmjs.org/@tanstack/store/-/store-0.11.1.tgz. Extracting by manifest.
1219 silly tarball no local data for caniuse-lite@https://registry.npmjs.org/caniuse-lite/-/caniuse-lite-1.0.30001810.tgz. Extracting by manifest.
1220 silly tarball no local data for isbot@https://registry.npmjs.org/isbot/-/isbot-5.2.2.tgz. Extracting by manifest.
1221 silly tarball no local data for @tanstack/router-core@https://registry.npmjs.org/@tanstack/router-core/-/router-core-1.171.32.tgz. Extracting by manifest.
1222 silly tarball no local data for @tanstack/history@https://registry.npmjs.org/@tanstack/history/-/history-1.162.4.tgz. Extracting by manifest.
1223 silly tarball no local data for @tailwindcss/oxide-linux-x64-gnu@https://registry.npmjs.org/@tailwindcss/oxide-linux-x64-gnu/-/oxide-linux-x64-gnu-4.3.3.tgz. Extracting by manifest.
1224 silly tarball no local data for @tanstack/react-store@https://registry.npmjs.org/@tanstack/react-store/-/react-store-0.11.1.tgz. Extracting by manifest.
1225 silly tarball no local data for @jridgewell/resolve-uri@https://registry.npmjs.org/@jridgewell/resolve-uri/-/resolve-uri-3.1.2.tgz. Extracting by manifest.
1226 silly tarball no local data for @jridgewell/sourcemap-codec@https://registry.npmjs.org/@jridgewell/sourcemap-codec/-/sourcemap-codec-1.6.0.tgz. Extracting by manifest.
1227 silly tarball no local data for @jridgewell/trace-mapping@https://registry.npmjs.org/@jridgewell/trace-mapping/-/trace-mapping-0.3.31.tgz. Extracting by manifest.
1228 silly tarball no local data for @jridgewell/gen-mapping@https://registry.npmjs.org/@jridgewell/gen-mapping/-/gen-mapping-0.3.13.tgz. Extracting by manifest.
1229 silly tarball no local data for source-map-js@https://registry.npmjs.org/source-map-js/-/source-map-js-1.2.1.tgz. Extracting by manifest.
1230 silly tarball no local data for magic-string@https://registry.npmjs.org/magic-string/-/magic-string-0.30.21.tgz. Extracting by manifest.
1231 silly tarball no local data for lightningcss@https://registry.npmjs.org/lightningcss/-/lightningcss-1.32.0.tgz. Extracting by manifest.
1232 silly tarball no local data for jiti@https://registry.npmjs.org/jiti/-/jiti-2.7.0.tgz. Extracting by manifest.
1233 silly tarball no local data for enhanced-resolve@https://registry.npmjs.org/enhanced-resolve/-/enhanced-resolve-5.25.1.tgz. Extracting by manifest.
1234 silly tarball no local data for @tailwindcss/oxide@https://registry.npmjs.org/@tailwindcss/oxide/-/oxide-4.3.3.tgz. Extracting by manifest.
1235 silly tarball no local data for @tailwindcss/node@https://registry.npmjs.org/@tailwindcss/node/-/node-4.3.3.tgz. Extracting by manifest.
1236 silly tarball no local data for typescript@https://registry.npmjs.org/typescript/-/typescript-5.9.3.tgz. Extracting by manifest.
1237 silly tarball no local data for @jridgewell/remapping@https://registry.npmjs.org/@jridgewell/remapping/-/remapping-2.3.5.tgz. Extracting by manifest.
1238 silly tarball no local data for tailwindcss@https://registry.npmjs.org/tailwindcss/-/tailwindcss-4.3.3.tgz. Extracting by manifest.
1239 silly tarball no local data for @vitejs/plugin-react@https://registry.npmjs.org/@vitejs/plugin-react/-/plugin-react-5.2.0.tgz. Extracting by manifest.
1240 silly tarball no local data for @types/react-dom@https://registry.npmjs.org/@types/react-dom/-/react-dom-19.3.0.tgz. Extracting by manifest.
1241 silly tarball no local data for @types/react@https://registry.npmjs.org/@types/react/-/react-19.3.0.tgz. Extracting by manifest.
1242 silly tarball no local data for @tanstack/router-plugin@https://registry.npmjs.org/@tanstack/router-plugin/-/router-plugin-1.168.40.tgz. Extracting by manifest.
1243 silly tarball no local data for react-dom@https://registry.npmjs.org/react-dom/-/react-dom-19.3.0.tgz. Extracting by manifest.
1244 silly tarball no local data for react@https://registry.npmjs.org/react/-/react-19.3.0.tgz. Extracting by manifest.
1245 silly tarball no local data for @tanstack/react-router@https://registry.npmjs.org/@tanstack/react-router/-/react-router-1.170.38.tgz. Extracting by manifest.
1246 silly tarball no local data for vite@https://registry.npmjs.org/vite/-/vite-8.3.0.tgz. Extracting by manifest.
1247 silly tarball no local data for @tailwindcss/vite@https://registry.npmjs.org/@tailwindcss/vite/-/vite-4.3.3.tgz. Extracting by manifest.
1248 silly tarball no local data for @rolldown/pluginutils@https://registry.npmjs.org/@rolldown/pluginutils/-/pluginutils-1.0.1.tgz. Extracting by manifest.
1249 silly tarball no local data for lightningcss-linux-x64-gnu@https://registry.npmjs.org/lightningcss-linux-x64-gnu/-/lightningcss-linux-x64-gnu-1.33.0.tgz. Extracting by manifest.
1250 silly tarball no local data for lightningcss@https://registry.npmjs.org/lightningcss/-/lightningcss-1.33.0.tgz. Extracting by manifest.
1251 http fetch GET 200 https://registry.npmjs.org/escalade/-/escalade-3.2.0.tgz 140ms (cache miss)
1252 http fetch GET 200 https://registry.npmjs.org/@oxc-project/types/-/types-0.150.0.tgz 147ms (cache miss)
1253 http fetch GET 200 https://registry.npmjs.org/graceful-fs/-/graceful-fs-4.2.11.tgz 138ms (cache miss)
1254 http fetch GET 200 https://registry.npmjs.org/nanoid/-/nanoid-3.3.19.tgz 144ms (cache miss)
1255 http fetch GET 200 https://registry.npmjs.org/ms/-/ms-2.1.3.tgz 181ms (cache miss)
1256 http fetch GET 200 https://registry.npmjs.org/update-browserslist-db/-/update-browserslist-db-1.3.3.tgz 186ms (cache miss)
1257 http fetch GET 200 https://registry.npmjs.org/electron-to-chromium/-/electron-to-chromium-1.5.433.tgz 185ms (cache miss)
1258 http fetch POST 200 https://registry.npmjs.org/-/npm/v1/security/advisories/bulk 289ms
1259 silly audit report {}
1260 http fetch GET 200 https://registry.npmjs.org/readdirp/-/readdirp-5.1.1.tgz 204ms (cache miss)
1261 http fetch GET 200 https://registry.npmjs.org/baseline-browser-mapping/-/baseline-browser-mapping-2.11.25.tgz 205ms (cache miss)
1262 http fetch GET 200 https://registry.npmjs.org/node-releases/-/node-releases-2.0.56.tgz 213ms (cache miss)
1263 http fetch GET 200 https://registry.npmjs.org/@types/babel__template/-/babel__template-7.4.4.tgz 212ms (cache miss)
1264 http fetch GET 200 https://registry.npmjs.org/@rolldown/pluginutils/-/pluginutils-1.0.0-rc.3.tgz 231ms (cache miss)
1265 http fetch GET 200 https://registry.npmjs.org/@types/babel__traverse/-/babel__traverse-7.28.0.tgz 238ms (cache miss)
1266 http fetch GET 200 https://registry.npmjs.org/@types/babel__generator/-/babel__generator-7.27.0.tgz 252ms (cache miss)
1267 http fetch GET 200 https://registry.npmjs.org/@babel/helper-plugin-utils/-/helper-plugin-utils-7.29.7.tgz 270ms (cache miss)
1268 http fetch GET 200 https://registry.npmjs.org/react-refresh/-/react-refresh-0.18.0.tgz 280ms (cache miss)
1269 http fetch GET 200 https://registry.npmjs.org/@babel/plugin-transform-react-jsx-source/-/plugin-transform-react-jsx-source-7.29.7.tgz 298ms (cache miss)
1270 http fetch GET 200 https://registry.npmjs.org/fdir/-/fdir-6.5.0.tgz 337ms (cache miss)
1271 http fetch GET 200 https://registry.npmjs.org/@types/babel__core/-/babel__core-7.20.5.tgz 334ms (cache miss)
1272 http fetch GET 200 https://registry.npmjs.org/ansis/-/ansis-4.4.0.tgz 333ms (cache miss)
1273 http fetch GET 200 https://registry.npmjs.org/@babel/plugin-transform-react-jsx-self/-/plugin-transform-react-jsx-self-7.29.7.tgz 359ms (cache miss)
1274 http fetch GET 200 https://registry.npmjs.org/yallist/-/yallist-3.1.1.tgz 370ms (cache miss)
1275 http fetch GET 200 https://registry.npmjs.org/scheduler/-/scheduler-0.28.0.tgz 376ms (cache miss)
1276 http fetch GET 200 https://registry.npmjs.org/@babel/helper-validator-option/-/helper-validator-option-7.29.7.tgz 370ms (cache miss)
1277 http fetch GET 200 https://registry.npmjs.org/webpack-virtual-modules/-/webpack-virtual-modules-0.6.2.tgz 398ms (cache miss)
1278 http fetch GET 200 https://registry.npmjs.org/tinyglobby/-/tinyglobby-0.2.17.tgz 388ms (cache miss)
1279 http fetch GET 200 https://registry.npmjs.org/pathe/-/pathe-2.0.3.tgz 397ms (cache miss)
1280 http fetch GET 200 https://registry.npmjs.org/picocolors/-/picocolors-1.1.1.tgz 394ms (cache miss)
1281 http fetch GET 200 https://registry.npmjs.org/babel-dead-code-elimination/-/babel-dead-code-elimination-1.0.12.tgz 419ms (cache miss)
1282 http fetch GET 200 https://registry.npmjs.org/detect-libc/-/detect-libc-2.1.2.tgz 432ms (cache miss)
1283 http fetch GET 200 https://registry.npmjs.org/@babel/helper-globals/-/helper-globals-7.29.7.tgz 432ms (cache miss)
1284 http fetch GET 200 https://registry.npmjs.org/postcss/-/postcss-8.5.28.tgz 453ms (cache miss)
1285 http fetch GET 200 https://registry.npmjs.org/@tanstack/virtual-file-routes/-/virtual-file-routes-1.162.0.tgz 440ms (cache miss)
1286 http fetch GET 200 https://registry.npmjs.org/@babel/compat-data/-/compat-data-7.29.7.tgz 438ms (cache miss)
1287 http fetch GET 200 https://registry.npmjs.org/jsesc/-/jsesc-3.1.0.tgz 438ms (cache miss)
1288 http fetch GET 200 https://registry.npmjs.org/lru-cache/-/lru-cache-5.1.1.tgz 442ms (cache miss)
1289 http fetch GET 200 https://registry.npmjs.org/picomatch/-/picomatch-4.0.7.tgz 463ms (cache miss)
1290 http fetch GET 200 https://registry.npmjs.org/convert-source-map/-/convert-source-map-2.0.0.tgz 453ms (cache miss)
1291 http fetch GET 200 https://registry.npmjs.org/js-tokens/-/js-tokens-4.0.0.tgz 476ms (cache miss)
1292 http fetch GET 200 https://registry.npmjs.org/@babel/helper-validator-identifier/-/helper-validator-identifier-7.29.7.tgz 477ms (cache miss)
1293 http fetch GET 200 https://registry.npmjs.org/@babel/helper-string-parser/-/helper-string-parser-7.29.7.tgz 491ms (cache miss)
1294 http fetch GET 200 https://registry.npmjs.org/@babel/helper-module-imports/-/helper-module-imports-7.29.7.tgz 513ms (cache miss)
1295 http fetch GET 200 https://registry.npmjs.org/browserslist/-/browserslist-4.29.0.tgz 535ms (cache miss)
1296 http fetch GET 200 https://registry.npmjs.org/gensync/-/gensync-1.0.0-beta.2.tgz 536ms (cache miss)
1297 http fetch GET 200 https://registry.npmjs.org/@babel/code-frame/-/code-frame-7.29.7.tgz 532ms (cache miss)
1298 http fetch GET 200 https://registry.npmjs.org/semver/-/semver-6.3.1.tgz 602ms (cache miss)
1299 http fetch GET 200 https://registry.npmjs.org/tapable/-/tapable-2.3.3.tgz 639ms (cache miss)
1300 http fetch GET 200 https://registry.npmjs.org/cookie-es/-/cookie-es-3.1.1.tgz 617ms (cache miss)
1301 http fetch GET 200 https://registry.npmjs.org/use-sync-external-store/-/use-sync-external-store-1.7.0.tgz 617ms (cache miss)
1302 http fetch GET 200 https://registry.npmjs.org/debug/-/debug-4.4.3.tgz 651ms (cache miss)
1303 http fetch GET 200 https://registry.npmjs.org/isbot/-/isbot-5.2.2.tgz 648ms (cache miss)
1304 http fetch GET 200 https://registry.npmjs.org/chokidar/-/chokidar-5.0.0.tgz 677ms (cache miss)
1305 http fetch GET 200 https://registry.npmjs.org/@jridgewell/resolve-uri/-/resolve-uri-3.1.2.tgz 700ms (cache miss)
1306 http fetch GET 200 https://registry.npmjs.org/csstype/-/csstype-3.2.3.tgz 746ms (cache miss)
1307 http fetch GET 200 https://registry.npmjs.org/@babel/helper-compilation-targets/-/helper-compilation-targets-7.29.7.tgz 739ms (cache miss)
1308 http fetch GET 200 https://registry.npmjs.org/@tailwindcss/oxide/-/oxide-4.3.3.tgz 736ms (cache miss)
1309 http fetch GET 200 https://registry.npmjs.org/json5/-/json5-2.2.3.tgz 761ms (cache miss)
1310 http fetch GET 200 https://registry.npmjs.org/@jridgewell/remapping/-/remapping-2.3.5.tgz 747ms (cache miss)
1311 http fetch GET 200 https://registry.npmjs.org/@types/react-dom/-/react-dom-19.3.0.tgz 746ms (cache miss)
1312 http fetch GET 200 https://registry.npmjs.org/@vitejs/plugin-react/-/plugin-react-5.2.0.tgz 747ms (cache miss)
1313 http fetch GET 200 https://registry.npmjs.org/@tanstack/history/-/history-1.162.4.tgz 776ms (cache miss)
1314 http fetch GET 200 https://registry.npmjs.org/@tanstack/react-store/-/react-store-0.11.1.tgz 792ms (cache miss)
1315 http fetch GET 200 https://registry.npmjs.org/@babel/helper-module-transforms/-/helper-module-transforms-7.29.7.tgz 803ms (cache miss)
1316 http fetch GET 200 https://registry.npmjs.org/@tailwindcss/node/-/node-4.3.3.tgz 793ms (cache miss)
1317 http fetch GET 200 https://registry.npmjs.org/@tailwindcss/vite/-/vite-4.3.3.tgz 794ms (cache miss)
1318 http fetch GET 200 https://registry.npmjs.org/@rolldown/pluginutils/-/pluginutils-1.0.1.tgz 801ms (cache miss)
1319 http fetch GET 200 https://registry.npmjs.org/@babel/template/-/template-7.29.7.tgz 819ms (cache miss)
1320 http fetch GET 200 https://registry.npmjs.org/magic-string/-/magic-string-0.30.21.tgz 835ms (cache miss)
1321 http fetch GET 200 https://registry.npmjs.org/source-map-js/-/source-map-js-1.2.1.tgz 839ms (cache miss)
1322 http fetch GET 200 https://registry.npmjs.org/unplugin/-/unplugin-3.4.0.tgz 857ms (cache miss)
1323 http fetch GET 200 https://registry.npmjs.org/seroval/-/seroval-1.6.7.tgz 856ms (cache miss)
1324 http fetch GET 200 https://registry.npmjs.org/rolldown/-/rolldown-1.2.9.tgz 886ms (cache miss)
1325 http fetch GET 200 https://registry.npmjs.org/@types/react/-/react-19.3.0.tgz 849ms (cache miss)
1326 http fetch GET 200 https://registry.npmjs.org/lightningcss/-/lightningcss-1.32.0.tgz 893ms (cache miss)
1327 http fetch GET 200 https://registry.npmjs.org/react/-/react-19.3.0.tgz 893ms (cache miss)
1328 http fetch GET 200 https://registry.npmjs.org/@jridgewell/sourcemap-codec/-/sourcemap-codec-1.6.0.tgz 908ms (cache miss)
1329 http fetch GET 200 https://registry.npmjs.org/seroval-plugins/-/seroval-plugins-1.6.7.tgz 918ms (cache miss)
1330 http fetch GET 200 https://registry.npmjs.org/@jridgewell/gen-mapping/-/gen-mapping-0.3.13.tgz 915ms (cache miss)
1331 http fetch GET 200 https://registry.npmjs.org/lightningcss/-/lightningcss-1.33.0.tgz 907ms (cache miss)
1332 http fetch GET 200 https://registry.npmjs.org/@tanstack/store/-/store-0.11.1.tgz 933ms (cache miss)
1333 http fetch GET 200 https://registry.npmjs.org/tailwindcss/-/tailwindcss-4.3.3.tgz 1102ms (cache miss)
1334 http fetch GET 200 https://registry.npmjs.org/@jridgewell/trace-mapping/-/trace-mapping-0.3.31.tgz 1109ms (cache miss)
1335 http fetch GET 200 https://registry.npmjs.org/@babel/parser/-/parser-7.29.9.tgz 1131ms (cache miss)
1336 http fetch GET 200 https://registry.npmjs.org/jiti/-/jiti-2.7.0.tgz 1117ms (cache miss)
1337 http fetch GET 200 https://registry.npmjs.org/@tanstack/router-utils/-/router-utils-1.162.3.tgz 1165ms (cache miss)
1338 http fetch GET 200 https://registry.npmjs.org/@babel/generator/-/generator-7.29.8.tgz 1196ms (cache miss)
1339 http fetch GET 200 https://registry.npmjs.org/enhanced-resolve/-/enhanced-resolve-5.25.1.tgz 1230ms (cache miss)
1340 http fetch GET 200 https://registry.npmjs.org/@tailwindcss/oxide-linux-x64-gnu/-/oxide-linux-x64-gnu-4.3.3.tgz 1239ms (cache miss)
1341 http fetch GET 200 https://registry.npmjs.org/vite/-/vite-8.3.0.tgz 1322ms (cache miss)
1342 http fetch GET 200 https://registry.npmjs.org/@babel/traverse/-/traverse-7.29.8.tgz 1386ms (cache miss)
1343 http fetch GET 200 https://registry.npmjs.org/diff/-/diff-8.0.4.tgz 1610ms (cache miss)
1344 http fetch GET 200 https://registry.npmjs.org/@tanstack/router-generator/-/router-generator-1.167.38.tgz 1611ms (cache miss)
1345 http fetch GET 200 https://registry.npmjs.org/react-dom/-/react-dom-19.3.0.tgz 1602ms (cache miss)
1346 http fetch GET 200 https://registry.npmjs.org/@babel/core/-/core-7.29.7.tgz 1653ms (cache miss)
1347 http fetch GET 200 https://registry.npmjs.org/lightningcss-linux-x64-gnu/-/lightningcss-linux-x64-gnu-1.32.0.tgz 1683ms (cache miss)
1348 http fetch GET 200 https://registry.npmjs.org/lightningcss-linux-x64-gnu/-/lightningcss-linux-x64-gnu-1.33.0.tgz 1680ms (cache miss)
1349 http fetch GET 200 https://registry.npmjs.org/prettier/-/prettier-3.9.8.tgz 1756ms (cache miss)
1350 http fetch GET 200 https://registry.npmjs.org/@babel/types/-/types-7.29.8.tgz 1819ms (cache miss)
1351 http fetch GET 200 https://registry.npmjs.org/@babel/helpers/-/helpers-7.29.7.tgz 1856ms (cache miss)
1352 http fetch GET 200 https://registry.npmjs.org/@rolldown/binding-linux-x64-gnu/-/binding-linux-x64-gnu-1.2.9.tgz 1887ms (cache miss)
1353 http fetch GET 200 https://registry.npmjs.org/@tanstack/router-plugin/-/router-plugin-1.168.40.tgz 1860ms (cache miss)
1354 http fetch GET 200 https://registry.npmjs.org/@tanstack/react-router/-/react-router-1.170.38.tgz 2007ms (cache miss)
1355 http fetch GET 200 https://registry.npmjs.org/typescript/-/typescript-5.9.3.tgz 2044ms (cache miss)
1356 http fetch GET 200 https://registry.npmjs.org/@tanstack/router-core/-/router-core-1.171.32.tgz 2117ms (cache miss)
1357 http fetch GET 200 https://registry.npmjs.org/caniuse-lite/-/caniuse-lite-1.0.30001810.tgz 2211ms (cache miss)
1358 http fetch GET 200 https://registry.npmjs.org/zod/-/zod-4.6.5.tgz 2304ms (cache miss)
1359 silly ADD node_modules/@rolldown/binding-linux-x64-gnu
1360 silly ADD node_modules/@oxc-project/types
1361 silly ADD node_modules/nanoid
1362 silly ADD node_modules/rolldown
1363 silly ADD node_modules/rolldown/node_modules/@rolldown/pluginutils
1364 silly ADD node_modules/postcss
1365 silly ADD node_modules/escalade
1366 silly ADD node_modules/webpack-virtual-modules
1367 silly ADD node_modules/picomatch
1368 silly ADD node_modules/fdir
1369 silly ADD node_modules/scheduler
1370 silly ADD node_modules/yallist
1371 silly ADD node_modules/lightningcss-linux-x64-gnu
1372 silly ADD node_modules/detect-libc
1373 silly ADD node_modules/tapable
1374 silly ADD node_modules/graceful-fs
1375 silly ADD node_modules/ms
1376 silly ADD node_modules/readdirp
1377 silly ADD node_modules/update-browserslist-db
1378 silly ADD node_modules/node-releases
1379 silly ADD node_modules/electron-to-chromium
1380 silly ADD node_modules/caniuse-lite
1381 silly ADD node_modules/baseline-browser-mapping
1382 silly ADD node_modules/@types/babel__traverse
1383 silly ADD node_modules/@types/babel__template
1384 silly ADD node_modules/@types/babel__generator
1385 silly ADD node_modules/@babel/helper-plugin-utils
1386 silly ADD node_modules/react-refresh
1387 silly ADD node_modules/@types/babel__core
1388 silly ADD node_modules/@rolldown/pluginutils
1389 silly ADD node_modules/@babel/plugin-transform-react-jsx-source
1390 silly ADD node_modules/@babel/plugin-transform-react-jsx-self
1391 silly ADD node_modules/csstype
1392 silly ADD node_modules/tinyglobby
1393 silly ADD node_modules/pathe
1394 silly ADD node_modules/diff
1395 silly ADD node_modules/babel-dead-code-elimination
1396 silly ADD node_modules/ansis
1397 silly ADD node_modules/prettier
1398 silly ADD node_modules/@tanstack/virtual-file-routes
1399 silly ADD node_modules/@babel/helper-string-parser
1400 silly ADD node_modules/@babel/helper-globals
1401 silly ADD node_modules/@babel/helper-module-imports
1402 silly ADD node_modules/lru-cache
1403 silly ADD node_modules/browserslist
1404 silly ADD node_modules/@babel/helper-validator-option
1405 silly ADD node_modules/@babel/compat-data
1406 silly ADD node_modules/jsesc
1407 silly ADD node_modules/picocolors
1408 silly ADD node_modules/js-tokens
1409 silly ADD node_modules/@babel/helper-validator-identifier
1410 silly ADD node_modules/semver
1411 silly ADD node_modules/json5
1412 silly ADD node_modules/gensync
1413 silly ADD node_modules/debug
1414 silly ADD node_modules/convert-source-map
1415 silly ADD node_modules/@babel/traverse
1416 silly ADD node_modules/@babel/parser
1417 silly ADD node_modules/@babel/helpers
1418 silly ADD node_modules/@babel/helper-module-transforms
1419 silly ADD node_modules/@babel/helper-compilation-targets
1420 silly ADD node_modules/@babel/generator
1421 silly ADD node_modules/@babel/code-frame
1422 silly ADD node_modules/zod
1423 silly ADD node_modules/unplugin
1424 silly ADD node_modules/chokidar
1425 silly ADD node_modules/@tanstack/router-utils
1426 silly ADD node_modules/@tanstack/router-generator
1427 silly ADD node_modules/@babel/types
1428 silly ADD node_modules/@babel/template
1429 silly ADD node_modules/@babel/core
1430 silly ADD node_modules/seroval-plugins
1431 silly ADD node_modules/seroval
1432 silly ADD node_modules/cookie-es
1433 silly ADD node_modules/use-sync-external-store
1434 silly ADD node_modules/@tanstack/store
1435 silly ADD node_modules/isbot
1436 silly ADD node_modules/@tanstack/router-core
1437 silly ADD node_modules/@tanstack/react-store
1438 silly ADD node_modules/@tanstack/history
1439 silly ADD node_modules/@tailwindcss/oxide-linux-x64-gnu
1440 silly ADD node_modules/@jridgewell/resolve-uri
1441 silly ADD node_modules/@jridgewell/sourcemap-codec
1442 silly ADD node_modules/@jridgewell/trace-mapping
1443 silly ADD node_modules/@jridgewell/gen-mapping
1444 silly ADD node_modules/source-map-js
1445 silly ADD node_modules/magic-string
1446 silly ADD node_modules/lightningcss
1447 silly ADD node_modules/jiti
1448 silly ADD node_modules/enhanced-resolve
1449 silly ADD node_modules/@jridgewell/remapping
1450 silly ADD node_modules/@tailwindcss/oxide
1451 silly ADD node_modules/@tailwindcss/node
1452 silly ADD node_modules/typescript
1453 silly ADD node_modules/tailwindcss
1454 silly ADD node_modules/@vitejs/plugin-react
1455 silly ADD node_modules/@types/react-dom
1456 silly ADD node_modules/@types/react
1457 silly ADD node_modules/@tanstack/router-plugin
1458 silly ADD node_modules/react-dom
1459 silly ADD node_modules/react
1460 silly ADD node_modules/@tanstack/react-router
1461 silly ADD node_modules/vite
1462 silly ADD node_modules/vite/node_modules/lightningcss-linux-x64-gnu
1463 silly ADD node_modules/vite/node_modules/lightningcss
1464 silly ADD node_modules/@tailwindcss/vite
1465 verbose cwd /home/sprite
1466 verbose os Linux 6.12.105-fly
1467 verbose node v24.18.0
1468 verbose npm  v12.0.2
1469 verbose exit 0
1470 info ok
